-- Ensure the 'iam' schema exists
CREATE SCHEMA IF NOT EXISTS iam;

-- Insert data for EMPLOYEE role
INSERT INTO iam.roles (role_name, description)
VALUES ('EMPLOYEE', 'Standard employee')
ON CONFLICT (role_name) DO UPDATE SET
    description = EXCLUDED.description;

-- Insert data for MANAGER role
INSERT INTO iam.roles (role_name, description)
VALUES ('MANAGER', 'Project manager with approvals')
ON CONFLICT (role_name) DO UPDATE SET
    description = EXCLUDED.description;

-- Insert data for SUPERADMIN role
INSERT INTO iam.roles (role_name, description)
VALUES ('SUPERADMIN', 'System-wide admin')
ON CONFLICT (role_name) DO UPDATE SET
    description = EXCLUDED.description;


-- Ensure the 'iam' schema exists
CREATE SCHEMA IF NOT EXISTS iam;

-- Insert all permissions data
INSERT INTO iam.permissions (permission_name, description)
VALUES
    ('VIEW_OWN_ROSTER', 'View personal schedule'),
    ('REQUEST_LEAVE', 'Request for leave'),
    ('REQUEST_SWAP', 'Request shift swap'),
    ('VIEW_NOTIFICATIONS', 'View system alerts'),
    ('SET_SHIFT_PREFERENCES', 'Set preferred shifts'),
    ('CHAT_IN_APP', 'Chat with team'),
    ('CREATE_ROSTER', 'Create roster for team'),
    ('MODIFY_ROSTER', 'Modify team roster'),
    ('APPROVE_LEAVE', 'Approve or reject leave requests'),
    ('APPROVE_SWAP', 'Approve or reject swap requests'),
    ('MANAGE_PROJECTS', 'Manage assigned projects'),
    ('VIEW_TEAM_ROSTER', 'View team’s schedule'),
    ('VIEW_ANALYTICS', 'View analytics for team'),
    ('MANAGE_ALL_PROJECTS', 'Oversee any project in system'),
    ('MANAGE_USERS', 'Add/remove system users'),
    ('MANAGE_ROLES', 'Create/edit roles'),
    ('MANAGE_PERMISSIONS', 'Grant/revoke permissions'),
    ('UPGRADE_DOWNGRADE_ACCESS', 'Change user access levels'),
    ('SYSTEM_CONFIGURATION', 'Modify system-wide settings'),
    ('AUDIT_LOGS', 'View all system activity logs'),
    ('FULL_ANALYTICS', 'View organization-wide analytics')
ON CONFLICT (permission_name) DO UPDATE SET
    description = EXCLUDED.description;


-- Ensure the 'iam' schema exists
CREATE SCHEMA IF NOT EXISTS iam;

-- Insert all role-permission mappings
INSERT INTO iam.role_permissions (role_id, permission_id)
VALUES
    -- EMPLOYEE (role_id 1) permissions
    (1, 1), -- VIEW_OWN_ROSTER
    (1, 2), -- REQUEST_LEAVE
    (1, 3), -- REQUEST_SWAP
    (1, 4), -- VIEW_NOTIFICATIONS
    (1, 5), -- SET_SHIFT_PREFERENCES
    (1, 6), -- CHAT_IN_APP

    -- MANAGER (role_id 2) permissions
    (2, 1), -- VIEW_OWN_ROSTER
    (2, 2), -- REQUEST_LEAVE
    (2, 3), -- REQUEST_SWAP
    (2, 4), -- VIEW_NOTIFICATIONS
    (2, 5), -- SET_SHIFT_PREFERENCES
    (2, 6), -- CHAT_IN_APP
    (2, 7), -- CREATE_ROSTER
    (2, 8), -- MODIFY_ROSTER
    (2, 9), -- APPROVE_LEAVE
    (2, 10), -- APPROVE_SWAP
    (2, 11), -- MANAGE_PROJECTS
    (2, 12), -- VIEW_TEAM_ROSTER
    (2, 13), -- VIEW_ANALYTICS

    -- SUPERADMIN (role_id 3) permissions
    (3, 1), -- VIEW_OWN_ROSTER
    (3, 2), -- REQUEST_LEAVE
    (3, 3), -- REQUEST_SWAP
    (3, 4), -- VIEW_NOTIFICATIONS
    (3, 5), -- SET_SHIFT_PREFERENCES
    (3, 6), -- CHAT_IN_APP
    (3, 7), -- CREATE_ROSTER
    (3, 8), -- MODIFY_ROSTER
    (3, 9), -- APPROVE_LEAVE
    (3, 10), -- APPROVE_SWAP
    (3, 11), -- MANAGE_PROJECTS
    (3, 12), -- VIEW_TEAM_ROSTER
    (3, 13), -- VIEW_ANALYTICS
    (3, 14), -- MANAGE_ALL_PROJECTS
    (3, 15), -- MANAGE_USERS
    (3, 16), -- MANAGE_ROLES
    (3, 17), -- MANAGE_PERMISSIONS
    (3, 18), -- UPGRADE_DOWNGRADE_ACCESS
    (3, 19), -- SYSTEM_CONFIGURATION
    (3, 20), -- AUDIT_LOGS
    (3, 21)  -- FULL_ANALYTICS
ON CONFLICT (role_id, permission_id) DO NOTHING;


-- Ensure the 'organization' schema exists
CREATE SCHEMA IF NOT EXISTS organization;

-- Insert all employee data
INSERT INTO organization.employees (first_name, last_name, email, role_id, date_joined, status)
VALUES
    ('Anika', 'Menon', 'anika.menon1@example.com', 1, '2022-03-07', 'Active'),
    ('Aadhya', 'Gupta', 'aadhya.gupta2@example.com', 1, '2022-05-21', 'Active'),
    ('Aarav', 'Patel', 'aarav.patel3@example.com', 1, '2022-03-30', 'Active'),
    ('Ishaan', 'Das', 'ishaan.das4@example.com', 1, '2022-04-11', 'Active'),
    ('Aarohi', 'Iyer', 'aarohi.iyer5@example.com', 1, '2022-02-20', 'Active'),
    ('Aarav', 'Das', 'aarav.das6@example.com', 1, '2022-01-17', 'Active'),
    ('Arjun', 'Naidu', 'arjun.naidu7@example.com', 1, '2022-05-28', 'Active'),
    ('Sai', 'Patel', 'sai.patel8@example.com', 1, '2022-08-17', 'Active'),
    ('Vivaan', 'Singh', 'vivaan.singh9@example.com', 1, '2022-08-22', 'Active'),
    ('Aditya', 'Khan', 'aditya.khan10@example.com', 1, '2022-06-13', 'Active'),
    ('Pari', 'Verma', 'pari.verma11@example.com', 1, '2022-11-23', 'Active'),
    ('Vivaan', 'Das', 'vivaan.das12@example.com', 2, '2022-03-17', 'Active'),
    ('Krishna', 'Verma', 'krishna.verma13@example.com', 1, '2022-04-30', 'Active'),
    ('Myra', 'Verma', 'myra.verma14@example.com', 1, '2022-04-30', 'Active'),
    ('Arjun', 'Khan', 'arjun.khan15@example.com', 1, '2022-06-25', 'Active'),
    ('Aarohi', 'Khan', 'aarohi.khan16@example.com', 1, '2022-09-10', 'Active'),
    ('Vivaan', 'Khan', 'vivaan.khan17@example.com', 2, '2022-09-06', 'Active'),
    ('Sara', 'Verma', 'sara.verma18@example.com', 1, '2022-05-11', 'Active'),
    ('Aarohi', 'Reddy', 'aarohi.reddy19@example.com', 1, '2022-01-31', 'Active'),
    ('Anika', 'Naidu', 'anika.naidu20@example.com', 1, '2022-01-25', 'Active'),
    ('Pari', 'Khan', 'pari.khan21@example.com', 1, '2022-11-17', 'Active'),
    ('Aditya', 'Iyer', 'aditya.iyer22@example.com', 1, '2022-07-22', 'Active'),
    ('Aadhya', 'Patel', 'aadhya.patel23@example.com', 1, '2022-05-19', 'Active'),
    ('Kabir', 'Verma', 'kabir.verma24@example.com', 1, '2022-07-26', 'Active'),
    ('Krishna', 'Patel', 'krishna.patel25@example.com', 1, '2022-05-30', 'Active'),
    ('Aadhya', 'Khan', 'aadhya.khan26@example.com', 1, '2022-02-12', 'Active'),
    ('Sara', 'Gupta', 'sara.gupta27@example.com', 1, '2022-11-18', 'Active'),
    ('Pari', 'Reddy', 'pari.reddy28@example.com', 1, '2022-11-16', 'Active'),
    ('Sara', 'Sharma', 'sara.sharma29@example.com', 1, '2022-08-11', 'Active'),
    ('Diya', 'Sharma', 'diya.sharma30@example.com', 1, '2022-05-18', 'Active'),
    ('Reyansh', 'Singh', 'reyansh.singh31@example.com', 1, '2022-10-11', 'Active'),
    ('Zara', 'Iyer', 'zara.iyer32@example.com', 1, '2022-09-02', 'Active'),
    ('Aditya', 'Ghosh', 'aditya.ghosh33@example.com', 1, '2022-07-15', 'Active'),
    ('Vivaan', 'Reddy', 'vivaan.reddy34@example.com', 1, '2022-07-14', 'Active'),
    ('Anika', 'Patel', 'anika.patel35@example.com', 1, '2022-01-28', 'Active'),
    ('Vivaan', 'Khan', 'vivaan.khan36@example.com', 1, '2022-04-11', 'Active'),
    ('Aadhya', 'Iyer', 'aadhya.iyer37@example.com', 1, '2022-06-12', 'Active'),
    ('Kabir', 'Naidu', 'kabir.naidu38@example.com', 1, '2022-04-03', 'Active'),
    ('Anika', 'Iyer', 'anika.iyer39@example.com', 1, '2022-09-08', 'Active'),
    ('Myra', 'Khan', 'myra.khan40@example.com', 1, '2022-05-30', 'Active'),
    ('Sai', 'Iyer', 'sai.iyer41@example.com', 1, '2022-08-12', 'Active'),
    ('Aarohi', 'Sharma', 'aarohi.sharma42@example.com', 1, '2022-07-18', 'Active'),
    ('Anaya', 'Gupta', 'anaya.gupta43@example.com', 1, '2022-08-01', 'Active'),
    ('Aarav', 'Khan', 'aarav.khan44@example.com', 1, '2022-11-12', 'Active'),
    ('Krishna', 'Singh', 'krishna.singh45@example.com', 1, '2022-10-04', 'Active'),
    ('Aadhya', 'Khan', 'aadhya.khan46@example.com', 1, '2022-03-20', 'Active'),
    ('Arjun', 'Sharma', 'arjun.sharma47@example.com', 1, '2022-06-20', 'Active'),
    ('Ishaan', 'Das', 'ishaan.das48@example.com', 1, '2022-10-03', 'Active'),
    ('Krishna', 'Khan', 'krishna.khan49@example.com', 1, '2022-03-20', 'Active'),
    ('Anika', 'Naidu', 'anika.naidu50@example.com', 1, '2022-01-15', 'Active'),
    ('Aadhya', 'Menon', 'aadhya.menon51@example.com', 1, '2022-04-19', 'Active'),
    ('Sai', 'Naidu', 'sai.naidu52@example.com', 1, '2022-07-06', 'Active'),
    ('Aarohi', 'Sharma', 'aarohi.sharma53@example.com', 2, '2022-07-13', 'Active'),
    ('Anaya', 'Khan', 'anaya.khan54@example.com', 1, '2022-01-09', 'Active'),
    ('Myra', 'Ghosh', 'myra.ghosh55@example.com', 1, '2022-08-15', 'Active'),
    ('Kabir', 'Khan', 'kabir.khan56@example.com', 1, '2022-07-25', 'Active'),
    ('Aarav', 'Das', 'aarav.das57@example.com', 1, '2022-12-01', 'Active'),
    ('Aarav', 'Gupta', 'aarav.gupta58@example.com', 1, '2022-02-20', 'Active'),
    ('Ishaan', 'Reddy', 'ishaan.reddy59@example.com', 1, '2022-09-23', 'Active'),
    ('Krishna', 'Iyer', 'krishna.iyer60@example.com', 1, '2022-04-24', 'Active'),
    ('Anika', 'Sharma', 'anika.sharma61@example.com', 1, '2022-02-19', 'Active'),
    ('Ira', 'Singh', 'ira.singh62@example.com', 1, '2022-07-23', 'Active'),
    ('Vivaan', 'Reddy', 'vivaan.reddy63@example.com', 1, '2022-04-26', 'Active'),
    ('Ira', 'Verma', 'ira.verma64@example.com', 1, '2022-05-09', 'Active'),
    ('Reyansh', 'Singh', 'reyansh.singh65@example.com', 2, '2022-02-20', 'Active'),
    ('Aadhya', 'Patel', 'aadhya.patel66@example.com', 1, '2022-01-10', 'Active'),
    ('Pari', 'Singh', 'pari.singh67@example.com', 1, '2022-09-11', 'Active'),
    ('Aarav', 'Ghosh', 'aarav.ghosh68@example.com', 1, '2022-09-14', 'Active'),
    ('Aarav', 'Sharma', 'aarav.sharma69@example.com', 1, '2022-10-26', 'Active'),
    ('Diya', 'Khan', 'diya.khan70@example.com', 1, '2022-08-22', 'Active'),
    ('Pari', 'Verma', 'pari.verma71@example.com', 1, '2022-06-05', 'Active'),
    ('Reyansh', 'Menon', 'reyansh.menon72@example.com', 1, '2022-07-17', 'Active'),
    ('Zara', 'Naidu', 'zara.naidu73@example.com', 1, '2022-01-18', 'Active'),
    ('Aarohi', 'Verma', 'aarohi.verma74@example.com', 1, '2022-08-16', 'Active'),
    ('Zara', 'Singh', 'zara.singh75@example.com', 1, '2022-05-15', 'Active'),
    ('Ira', 'Iyer', 'ira.iyer76@example.com', 1, '2022-10-27', 'Active'),
    ('Diya', 'Patel', 'diya.patel77@example.com', 1, '2022-06-20', 'Active'),
    ('Aditya', 'Das', 'aditya.das78@example.com', 1, '2022-06-15', 'Active'),
    ('Arjun', 'Das', 'arjun.das79@example.com', 1, '2022-10-17', 'Active'),
    ('Kabir', 'Menon', 'kabir.menon80@example.com', 1, '2022-09-01', 'Active'),
    ('Diya', 'Patel', 'diya.patel81@example.com', 1, '2022-09-03', 'Active'),
    ('Aarav', 'Iyer', 'aarav.iyer82@example.com', 1, '2022-03-28', 'Active'),
    ('Aarohi', 'Naidu', 'aarohi.naidu83@example.com', 1, '2022-03-29', 'Active'),
    ('Sai', 'Sharma', 'sai.sharma84@example.com', 1, '2022-02-01', 'Active'),
    ('Anaya', 'Naidu', 'anaya.naidu85@example.com', 1, '2022-08-02', 'Active'),
    ('Anaya', 'Verma', 'anaya.verma86@example.com', 1, '2022-08-10', 'Active'),
    ('Aarav', 'Patel', 'aarav.patel87@example.com', 1, '2022-05-29', 'Active'),
    ('Ishaan', 'Iyer', 'ishaan.iyer88@example.com', 1, '2022-04-25', 'Active'),
    ('Kabir', 'Iyer', 'kabir.iyer89@example.com', 1, '2022-03-13', 'Active'),
    ('Arjun', 'Khan', 'arjun.khan90@example.com', 1, '2022-06-15', 'Active'),
    ('Sai', 'Khan', 'sai.khan91@example.com', 1, '2022-04-09', 'Active'),
    ('Pari', 'Singh', 'pari.singh92@example.com', 1, '2022-03-21', 'Active'),
    ('Krishna', 'Naidu', 'krishna.naidu93@example.com', 1, '2022-04-11', 'Active'),
    ('Vivaan', 'Iyer', 'vivaan.iyer94@example.com', 1, '2022-05-08', 'Active'),
    ('Zara', 'Ghosh', 'zara.ghosh95@example.com', 1, '2022-05-14', 'Active'),
    ('Sara', 'Das', 'sara.das96@example.com', 1, '2022-04-21', 'Active'),
    ('Vivaan', 'Verma', 'vivaan.verma97@example.com', 1, '2022-02-22', 'Active'),
    ('Ira', 'Das', 'ira.das98@example.com', 1, '2022-06-26', 'Active'),
    ('Aadhya', 'Ghosh', 'aadhya.ghosh99@example.com', 1, '2022-11-24', 'Active'),
    ('Anaya', 'Naidu', 'anaya.naidu100@example.com', 1, '2022-06-01', 'Active'),
    ('Kabir', 'Gupta', 'kabir.gupta101@example.com', 1, '2022-09-24', 'Active'),
    ('Anika', 'Iyer', 'anika.iyer102@example.com', 1, '2022-02-27', 'Active'),
    ('Arjun', 'Menon', 'arjun.menon103@example.com', 1, '2022-03-24', 'Active'),
    ('Vivaan', 'Reddy', 'vivaan.reddy104@example.com', 1, '2022-05-30', 'Active'),
    ('Kabir', 'Reddy', 'kabir.reddy105@example.com', 1, '2022-01-15', 'Active'),
    ('Aarohi', 'Menon', 'aarohi.menon106@example.com', 1, '2022-05-17', 'Active'),
    ('Aarohi', 'Patel', 'aarohi.patel107@example.com', 2, '2022-09-18', 'Active'),
    ('Arjun', 'Menon', 'arjun.menon108@example.com', 1, '2022-01-08', 'Active'),
    ('Vivaan', 'Das', 'vivaan.das109@example.com', 1, '2022-01-25', 'Active'),
    ('Pari', 'Reddy', 'pari.reddy110@example.com', 1, '2022-04-29', 'Active'),
    ('Aarohi', 'Das', 'aarohi.das111@example.com', 1, '2022-07-21', 'Active'),
    ('Anaya', 'Reddy', 'anaya.reddy112@example.com', 1, '2022-05-22', 'Active'),
    ('Anika', 'Reddy', 'anika.reddy113@example.com', 1, '2022-05-12', 'Active'),
    ('Sai', 'Gupta', 'sai.gupta114@example.com', 1, '2022-08-19', 'Active'),
    ('Ishaan', 'Verma', 'ishaan.verma115@example.com', 1, '2022-07-18', 'Active'),
    ('Sara', 'Sharma', 'sara.sharma116@example.com', 1, '2022-01-02', 'Active'),
    ('Aadhya', 'Ghosh', 'aadhya.ghosh117@example.com', 1, '2022-06-29', 'Active'),
    ('Arjun', 'Menon', 'arjun.menon118@example.com', 1, '2022-08-16', 'Active'),
    ('Aarav', 'Khan', 'aarav.khan119@example.com', 1, '2022-06-28', 'Active'),
    ('Vivaan', 'Sharma', 'vivaan.sharma120@example.com', 1, '2022-09-06', 'Active'),
    ('Reyansh', 'Gupta', 'reyansh.gupta121@example.com', 1, '2022-08-24', 'Active'),
    ('Kabir', 'Iyer', 'kabir.iyer122@example.com', 1, '2022-08-30', 'Active'),
    ('Kabir', 'Khan', 'kabir.khan123@example.com', 2, '2022-11-21', 'Active'),
    ('Aarohi', 'Verma', 'aarohi.verma124@example.com', 1, '2022-05-30', 'Active'),
    ('Anika', 'Khan', 'anika.khan125@example.com', 1, '2022-08-22', 'Active'),
    ('Myra', 'Verma', 'myra.verma126@example.com', 1, '2022-03-07', 'Active'),
    ('Aarav', 'Das', 'aarav.das127@example.com', 1, '2022-09-29', 'Active'),
    ('Pari', 'Khan', 'pari.khan128@example.com', 1, '2022-03-28', 'Active'),
    ('Kabir', 'Naidu', 'kabir.naidu129@example.com', 1, '2022-06-03', 'Active'),
    ('Pari', 'Reddy', 'pari.reddy130@example.com', 1, '2022-03-13', 'Active'),
    ('Aarav', 'Ghosh', 'aarav.ghosh131@example.com', 1, '2022-07-13', 'Active'),
    ('Aarav', 'Gupta', 'aarav.gupta132@example.com', 1, '2022-03-26', 'Active'),
    ('Aadhya', 'Ghosh', 'aadhya.ghosh133@example.com', 1, '2022-10-11', 'Active'),
    ('Diya', 'Khan', 'diya.khan134@example.com', 1, '2022-05-09', 'Active'),
    ('Aarohi', 'Patel', 'aarohi.patel135@example.com', 1, '2022-10-27', 'Active'),
    ('Arjun', 'Patel', 'arjun.patel136@example.com', 1, '2022-11-01', 'Active'),
    ('Krishna', 'Verma', 'krishna.verma137@example.com', 1, '2022-04-30', 'Active'),
    ('Aditya', 'Sharma', 'aditya.sharma138@example.com', 1, '2022-11-28', 'Active'),
    ('Krishna', 'Sharma', 'krishna.sharma139@example.com', 1, '2022-10-06', 'Active'),
    ('Ira', 'Singh', 'ira.singh140@example.com', 1, '2022-01-04', 'Active'),
    ('Aarav', 'Singh', 'aarav.singh141@example.com', 2, '2022-08-08', 'Active'),
    ('Ira', 'Naidu', 'ira.naidu142@example.com', 1, '2022-01-14', 'Active'),
    ('Reyansh', 'Naidu', 'reyansh.naidu143@example.com', 1, '2022-06-13', 'Active'),
    ('Diya', 'Das', 'diya.das144@example.com', 1, '2022-02-27', 'Active'),
    ('Anaya', 'Iyer', 'anaya.iyer145@example.com', 1, '2022-05-16', 'Active'),
    ('Aditya', 'Das', 'aditya.das146@example.com', 1, '2022-01-26', 'Active'),
    ('Anaya', 'Sharma', 'anaya.sharma147@example.com', 1, '2022-05-31', 'Active'),
    ('Arjun', 'Menon', 'arjun.menon148@example.com', 1, '2022-10-01', 'Active'),
    ('Anika', 'Singh', 'anika.singh149@example.com', 1, '2022-09-24', 'Active'),
    ('Ishaan', 'Sharma', 'ishaan.sharma150@example.com', 1, '2022-08-23', 'Active'),
    ('Krishna', 'Verma', 'krishna.verma151@example.com', 1, '2022-03-30', 'Active'),
    ('Diya', 'Ghosh', 'diya.ghosh152@example.com', 1, '2022-06-11', 'Active'),
    ('Pari', 'Patel', 'pari.patel153@example.com', 1, '2022-06-12', 'Active'),
    ('Aarohi', 'Reddy', 'aarohi.reddy154@example.com', 1, '2022-03-29', 'Active'),
    ('Anaya', 'Iyer', 'anaya.iyer155@example.com', 2, '2022-01-17', 'Active'),
    ('Zara', 'Singh', 'zara.singh156@example.com', 1, '2022-05-31', 'Active'),
    ('Aditya', 'Iyer', 'aditya.iyer157@example.com', 1, '2022-06-11', 'Active'),
    ('Pari', 'Menon', 'pari.menon158@example.com', 1, '2022-01-23', 'Active'),
    ('Ira', 'Gupta', 'ira.gupta159@example.com', 1, '2022-03-01', 'Active'),
    ('Myra', 'Ghosh', 'myra.ghosh160@example.com', 1, '2022-07-13', 'Active'),
    ('Ishaan', 'Patel', 'ishaan.patel161@example.com', 1, '2022-05-02', 'Active'),
    ('Vihaan', 'Verma', 'vihaan.verma162@example.com', 1, '2022-02-05', 'Active'),
    ('Anika', 'Gupta', 'anika.gupta163@example.com', 1, '2022-05-31', 'Active'),
    ('Zara', 'Gupta', 'zara.gupta164@example.com', 1, '2022-01-31', 'Active'),
    ('Aarohi', 'Singh', 'aarohi.singh165@example.com', 1, '2022-07-14', 'Active'),
    ('Pari', 'Patel', 'pari.patel166@example.com', 1, '2022-06-27', 'Active'),
    ('Aadhya', 'Patel', 'aadhya.patel167@example.com', 2, '2022-06-16', 'Active'),
    ('Sara', 'Singh', 'sara.singh168@example.com', 1, '2022-04-11', 'Active'),
    ('Aditya', 'Gupta', 'aditya.gupta169@example.com', 1, '2022-01-17', 'Active'),
    ('Pari', 'Iyer', 'pari.iyer170@example.com', 1, '2022-06-20', 'Active'),
    ('Aarohi', 'Patel', 'aarohi.patel171@example.com', 1, '2022-01-21', 'Active'),
    ('Aadhya', 'Gupta', 'aadhya.gupta172@example.com', 1, '2022-07-04', 'Active'),
    ('Anaya', 'Patel', 'anaya.patel173@example.com', 1, '2022-01-08', 'Active'),
    ('Pari', 'Sharma', 'pari.sharma174@example.com', 1, '2022-03-13', 'Active'),
    ('Anaya', 'Das', 'anaya.das175@example.com', 1, '2022-03-02', 'Active'),
    ('Aditya', 'Das', 'aditya.das176@example.com', 1, '2022-03-08', 'Active'),
    ('Vihaan', 'Menon', 'vihaan.menon177@example.com', 1, '2022-09-10', 'Active'),
    ('Anika', 'Verma', 'anika.verma178@example.com', 2, '2022-06-26', 'Active'),
    ('Sai', 'Naidu', 'sai.naidu179@example.com', 1, '2022-08-07', 'Active'),
    ('Kabir', 'Verma', 'kabir.verma180@example.com', 1, '2022-08-05', 'Active'),
    ('Reyansh', 'Iyer', 'reyansh.iyer181@example.com', 1, '2022-07-15', 'Active'),
    ('Vihaan', 'Das', 'vihaan.das182@example.com', 1, '2022-08-16', 'Active'),
    ('Ira', 'Gupta', 'ira.gupta183@example.com', 1, '2022-04-01', 'Active'),
    ('Kabir', 'Naidu', 'kabir.naidu184@example.com', 1, '2022-09-26', 'Active'),
    ('Anika', 'Reddy', 'anika.reddy185@example.com', 1, '2022-04-21', 'Active'),
    ('Myra', 'Reddy', 'myra.reddy186@example.com', 1, '2022-06-01', 'Active'),
    ('Ishaan', 'Ghosh', 'ishaan.ghosh187@example.com', 1, '2022-08-24', 'Active'),
    ('Krishna', 'Singh', 'krishna.singh188@example.com', 1, '2022-03-08', 'Active'),
    ('Anika', 'Khan', 'anika.khan189@example.com', 1, '2022-01-21', 'Active'),
    ('Anaya', 'Patel', 'anaya.patel190@example.com', 1, '2022-05-12', 'Active'),
    ('Kabir', 'Gupta', 'kabir.gupta191@example.com', 1, '2022-11-20', 'Active'),
    ('Aditya', 'Das', 'aditya.das192@example.com', 1, '2022-07-06', 'Active'),
    ('Pari', 'Das', 'pari.das193@example.com', 1, '2022-07-07', 'Active'),
    ('Anika', 'Gupta', 'anika.gupta194@example.com', 1, '2022-03-11', 'Active'),
    ('Diya', 'Singh', 'diya.singh195@example.com', 1, '2022-06-25', 'Active'),
    ('Sai', 'Menon', 'sai.menon196@example.com', 1, '2022-04-30', 'Active'),
    ('Diya', 'Sharma', 'diya.sharma197@example.com', 1, '2022-09-21', 'Active'),
    ('Vivaan', 'Naidu', 'vivaan.naidu198@example.com', 1, '2022-10-04', 'Active'),
    ('Sara', 'Menon', 'sara.menon199@example.com', 1, '2022-07-30', 'Active'),
    ('Sai', 'Iyer', 'sai.iyer200@example.com', 1, '2022-10-01', 'Active'),
    ('Zara', 'Reddy', 'zara.reddy201@example.com', 1, '2022-03-15', 'Active'),
    ('Anika', 'Menon', 'anika.menon202@example.com', 1, '2022-01-29', 'Active'),
    ('Aditya', 'Iyer', 'aditya.iyer203@example.com', 1, '2022-09-19', 'Active'),
    ('Krishna', 'Reddy', 'krishna.reddy204@example.com', 1, '2022-03-07', 'Active'),
    ('Ishaan', 'Khan', 'ishaan.khan205@example.com', 1, '2022-05-29', 'Active'),
    ('Reyansh', 'Gupta', 'reyansh.gupta206@example.com', 1, '2022-08-18', 'Active'),
    ('Zara', 'Verma', 'zara.verma207@example.com', 1, '2022-08-02', 'Active'),
    ('Ishaan', 'Sharma', 'ishaan.sharma208@example.com', 1, '2022-03-04', 'Active'),
    ('Zara', 'Naidu', 'zara.naidu209@example.com', 1, '2022-10-08', 'Active'),
    ('Anika', 'Singh', 'anika.singh210@example.com', 1, '2022-03-11', 'Active'),
    ('Sai', 'Singh', 'sai.singh211@example.com', 1, '2022-01-07', 'Active'),
    ('Vivaan', 'Reddy', 'vivaan.reddy212@example.com', 1, '2022-07-01', 'Active'),
    ('Aarav', 'Naidu', 'aarav.naidu213@example.com', 1, '2022-05-20', 'Active'),
    ('Aadhya', 'Reddy', 'aadhya.reddy214@example.com', 2, '2022-10-20', 'Active'),
    ('Aditya', 'Khan', 'aditya.khan215@example.com', 1, '2022-03-10', 'Active'),
    ('Myra', 'Khan', 'myra.khan216@example.com', 1, '2022-02-24', 'Active'),
    ('Pari', 'Khan', 'pari.khan217@example.com', 1, '2022-11-28', 'Active'),
    ('Sara', 'Patel', 'sara.patel218@example.com', 1, '2022-05-04', 'Active'),
    ('Arjun', 'Sharma', 'arjun.sharma219@example.com', 1, '2022-06-14', 'Active'),
    ('Aditya', 'Khan', 'aditya.khan220@example.com', 2, '2022-01-18', 'Active'),
    ('Ishaan', 'Menon', 'ishaan.menon221@example.com', 1, '2022-08-12', 'Active'),
    ('Kabir', 'Reddy', 'kabir.reddy222@example.com', 1, '2022-07-12', 'Active'),
    ('Sara', 'Ghosh', 'sara.ghosh223@example.com', 2, '2022-05-15', 'Active'),
    ('Sara', 'Verma', 'sara.verma224@example.com', 1, '2022-11-09', 'Active'),
    ('Kabir', 'Das', 'kabir.das225@example.com', 1, '2022-05-30', 'Active'),
    ('Kabir', 'Patel', 'kabir.patel226@example.com', 1, '2022-10-21', 'Active'),
    ('Vihaan', 'Sharma', 'vihaan.sharma227@example.com', 1, '2022-10-05', 'Active'),
    ('Arjun', 'Verma', 'arjun.verma228@example.com', 1, '2022-01-28', 'Active'),
    ('Arjun', 'Gupta', 'arjun.gupta229@example.com', 1, '2022-03-20', 'Active'),
    ('Zara', 'Gupta', 'zara.gupta230@example.com', 1, '2022-09-03', 'Active'),
    ('Zara', 'Patel', 'zara.patel231@example.com', 1, '2022-08-10', 'Active'),
    ('Pari', 'Sharma', 'pari.sharma232@example.com', 1, '2022-09-19', 'Active'),
    ('Kabir', 'Naidu', 'kabir.naidu233@example.com', 1, '2022-02-14', 'Active'),
    ('Myra', 'Ghosh', 'myra.ghosh234@example.com', 1, '2022-06-18', 'Active'),
    ('Sai', 'Menon', 'sai.menon235@example.com', 1, '2022-11-27', 'Active'),
    ('Kabir', 'Reddy', 'kabir.reddy236@example.com', 1, '2022-04-24', 'Active'),
    ('Reyansh', 'Gupta', 'reyansh.gupta237@example.com', 1, '2022-11-22', 'Active'),
    ('Aarohi', 'Patel', 'aarohi.patel238@example.com', 1, '2022-06-02', 'Active'),
    ('Kabir', 'Verma', 'kabir.verma239@example.com', 1, '2022-01-23', 'Active'),
    ('Anika', 'Patel', 'anika.patel240@example.com', 2, '2022-05-04', 'Active'),
    ('Aadhya', 'Patel', 'aadhya.patel241@example.com', 1, '2022-11-12', 'Active'),
    ('Ira', 'Menon', 'ira.menon242@example.com', 1, '2022-03-02', 'Active'),
    ('Sara', 'Singh', 'sara.singh243@example.com', 1, '2022-02-21', 'Active'),
    ('Aarav', 'Menon', 'aarav.menon244@example.com', 1, '2022-01-17', 'Active'),
    ('Zara', 'Patel', 'zara.patel245@example.com', 1, '2022-09-22', 'Active'),
    ('Vivaan', 'Patel', 'vivaan.patel246@example.com', 1, '2022-08-02', 'Active'),
    ('Zara', 'Das', 'zara.das247@example.com', 2, '2022-08-20', 'Active'),
    ('Vihaan', 'Verma', 'vihaan.verma248@example.com', 1, '2022-10-30', 'Active'),
    ('Aarohi', 'Gupta', 'aarohi.gupta249@example.com', 1, '2022-04-26', 'Active'),
    ('Anaya', 'Menon', 'anaya.menon250@example.com', 2, '2022-11-09', 'Active'),
    ('Diya', 'Iyer', 'diya.iyer251@example.com', 1, '2022-05-25', 'Active'),
    ('Anaya', 'Patel', 'anaya.patel252@example.com', 1, '2022-11-06', 'Active'),
    ('Anaya', 'Das', 'anaya.das253@example.com', 1, '2022-04-01', 'Active'),
    ('Reyansh', 'Iyer', 'reyansh.iyer254@example.com', 1, '2022-01-19', 'Active'),
    ('Aditya', 'Verma', 'aditya.verma255@example.com', 2, '2022-04-01', 'Active'),
    ('Anika', 'Gupta', 'anika.gupta256@example.com', 2, '2022-03-14', 'Active'),
    ('Reyansh', 'Das', 'reyansh.das257@example.com', 1, '2022-04-07', 'Active'),
    ('Zara', 'Reddy', 'zara.reddy258@example.com', 1, '2022-06-13', 'Active'),
    ('Reyansh', 'Das', 'reyansh.das259@example.com', 1, '2022-09-24', 'Active'),
    ('Ira', 'Das', 'ira.das260@example.com', 1, '2022-09-07', 'Active'),
    ('System', 'Admin', 'sys.admin@example.com', 3, '2023-01-01', 'Active')
ON CONFLICT (email) DO UPDATE SET
    first_name = EXCLUDED.first_name,
    last_name = EXCLUDED.last_name,
    role_id = EXCLUDED.role_id,
    date_joined = EXCLUDED.date_joined,
    status = EXCLUDED.status;


-- Ensure the 'iam' schema exists
CREATE SCHEMA IF NOT EXISTS iam;

-- Insert all user authentication data
INSERT INTO iam.users (employee_id, username, password_hash, salt, role_id, is_active, last_login)
VALUES
    (1, 'anika.menon1', '3b612c75a7b5048a435fb6ec81e52ff92d6d795a8b5a9c17070f6a63c97a53b2', '63479ad69a090b258277ec8fba6f99419a2ffb248981510657c944ccd1148e', 1, TRUE, NULL),
    (2, 'aadhya.gupta2', '3b612c75a7b5048a435fb6ec81e52ff92d6d795a8b5a9c17070f6a63c97a53b2', '63479ad69a090b258277ec8fba6f99419a2ffb248981510657c944ccd1148e', 1, TRUE, NULL),
    (3, 'aarav.patel3', '3b612c75a7b5048a435fb6ec81e52ff92d6d795a8b5a9c17070f6a63c97a53b2', '63479ad69a090b258277ec8fba6f99419a2ffb248981510657c944ccd1148e', 1, TRUE, NULL),
    (4, 'ishaan.das4', '3b612c75a7b5048a435fb6ec81e52ff92d6d795a8b5a9c17070f6a63c97a53b2', '63479ad69a090b258277ec8fba6f99419a2ffb248981510657c944ccd1148e', 1, TRUE, NULL),
    (5, 'aarohi.iyer5', '3b612c75a7b5048a435fb6ec81e52ff92d6d795a8b5a9c17070f6a63c97a53b2', '63479ad69a090b258277ec8fba6f99419a2ffb248981510657c944ccd1148e', 1, TRUE, NULL),
    (6, 'aarav.das6', '3b612c75a7b5048a435fb6ec81e52ff92d6d795a8b5a9c17070f6a63c97a53b2', '63479ad69a090b258277ec8fba6f99419a2ffb248981510657c944ccd1148e', 1, TRUE, NULL),
    (7, 'arjun.naidu7', '3b612c75a7b5048a435fb6ec81e52ff92d6d795a8b5a9c17070f6a63c97a53b2', '63479ad69a090b258277ec8fba6f99419a2ffb248981510657c944ccd1148e', 1, TRUE, NULL),
    (8, 'sai.patel8', '3b612c75a7b5048a435fb6ec81e52ff92d6d795a8b5a9c17070f6a63c97a53b2', '63479ad69a090b258277ec8fba6f99419a2ffb248981510657c944ccd1148e', 1, TRUE, NULL),
    (9, 'vivaan.singh9', '3b612c75a7b5048a435fb6ec81e52ff92d6d795a8b5a9c17070f6a63c97a53b2', '63479ad69a090b258277ec8fba6f99419a2ffb248981510657c944ccd1148e', 1, TRUE, NULL),
    (10, 'aditya.khan10', '3b612c75a7b5048a435fb6ec81e52ff92d6d795a8b5a9c17070f6a63c97a53b2', '63479ad69a090b258277ec8fba6f99419a2ffb248981510657c944ccd1148e', 1, TRUE, NULL),
    (11, 'pari.verma11', '3b612c75a7b5048a435fb6ec81e52ff92d6d795a8b5a9c17070f6a63c97a53b2', '63479ad69a090b258277ec8fba6f99419a2ffb248981510657c944ccd1148e', 1, TRUE, NULL),
    (12, 'vivaan.das12', '3b612c75a7b5048a435fb6ec81e52ff92d6d795a8b5a9c17070f6a63c97a53b2', '63479ad69a090b258277ec8fba6f99419a2ffb248981510657c944ccd1148e', 2, TRUE, NULL),
    (13, 'krishna.verma13', '3b612c75a7b5048a435fb6ec81e52ff92d6d795a8b5a9c17070f6a63c97a53b2', '63479ad69a090b258277ec8fba6f99419a2ffb248981510657c944ccd1148e', 1, TRUE, NULL),
    (14, 'myra.verma14', '3b612c75a7b5048a435fb6ec81e52ff92d6d795a8b5a9c17070f6a63c97a53b2', '63479ad69a090b258277ec8fba6f99419a2ffb248981510657c944ccd1148e', 1, TRUE, NULL),
    (15, 'arjun.khan15', '3b612c75a7b5048a435fb6ec81e52ff92d6d795a8b5a9c17070f6a63c97a53b2', '63479ad69a090b258277ec8fba6f99419a2ffb248981510657c944ccd1148e', 1, TRUE, NULL),
    (16, 'aarohi.khan16', '3b612c75a7b5048a435fb6ec81e52ff92d6d795a8b5a9c17070f6a63c97a53b2', '63479ad69a090b258277ec8fba6f99419a2ffb248981510657c944ccd1148e', 1, TRUE, NULL),
    (17, 'vivaan.khan17', '3b612c75a7b5048a435fb6ec81e52ff92d6d795a8b5a9c17070f6a63c97a53b2', '63479ad69a090b258277ec8fba6f99419a2ffb248981510657c944ccd1148e', 2, TRUE, NULL),
    (18, 'sara.verma18', '3b612c75a7b5048a435fb6ec81e52ff92d6d795a8b5a9c17070f6a63c97a53b2', '63479ad69a090b258277ec8fba6f99419a2ffb248981510657c944ccd1148e', 1, TRUE, NULL),
    (19, 'aarohi.reddy19', '3b612c75a7b5048a435fb6ec81e52ff92d6d795a8b5a9c17070f6a63c97a53b2', '63479ad69a090b258277ec8fba6f99419a2ffb248981510657c944ccd1148e', 1, TRUE, NULL),
    (20, 'anika.naidu20', '3b612c75a7b5048a435fb6ec81e52ff92d6d795a8b5a9c17070f6a63c97a53b2', '63479ad69a090b258277ec8fba6f99419a2ffb248981510657c944ccd1148e', 1, TRUE, NULL),
    (21, 'pari.khan21', '3b612c75a7b5048a435fb6ec81e52ff92d6d795a8b5a9c17070f6a63c97a53b2', '63479ad69a090b258277ec8fba6f99419a2ffb248981510657c944ccd1148e', 1, TRUE, NULL),
    (22, 'aditya.iyer22', '3b612c75a7b5048a435fb6ec81e52ff92d6d795a8b5a9c17070f6a63c97a53b2', '63479ad69a090b258277ec8fba6f99419a2ffb248981510657c944ccd1148e', 1, TRUE, NULL),
    (23, 'aadhya.patel23', '3b612c75a7b5048a435fb6ec81e52ff92d6d795a8b5a9c17070f6a63c97a53b2', '63479ad69a090b258277ec8fba6f99419a2ffb248981510657c944ccd1148e', 1, TRUE, NULL),
    (24, 'kabir.verma24', '3b612c75a7b5048a435fb6ec81e52ff92d6d795a8b5a9c17070f6a63c97a53b2', '63479ad69a090b258277ec8fba6f99419a2ffb248981510657c944ccd1148e', 1, TRUE, NULL),
    (25, 'krishna.patel25', '3b612c75a7b5048a435fb6ec81e52ff92d6d795a8b5a9c17070f6a63c97a53b2', '63479ad69a090b258277ec8fba6f99419a2ffb248981510657c944ccd1148e', 1, TRUE, NULL),
    (26, 'aadhya.khan26', '3b612c75a7b5048a435fb6ec81e52ff92d6d795a8b5a9c17070f6a63c97a53b2', '63479ad69a090b258277ec8fba6f99419a2ffb248981510657c944ccd1148e', 1, TRUE, NULL),
    (27, 'sara.gupta27', '3b612c75a7b5048a435fb6ec81e52ff92d6d795a8b5a9c17070f6a63c97a53b2', '63479ad69a090b258277ec8fba6f99419a2ffb248981510657c944ccd1148e', 1, TRUE, NULL),
    (28, 'pari.reddy28', '3b612c75a7b5048a435fb6ec81e52ff92d6d795a8b5a9c17070f6a63c97a53b2', '63479ad69a090b258277ec8fba6f99419a2ffb248981510657c944ccd1148e', 1, TRUE, NULL),
    (29, 'sara.sharma29', '3b612c75a7b5048a435fb6ec81e52ff92d6d795a8b5a9c17070f6a63c97a53b2', '63479ad69a090b258277ec8fba6f99419a2ffb248981510657c944ccd1148e', 1, TRUE, NULL),
    (30, 'diya.sharma30', '3b612c75a7b5048a435fb6ec81e52ff92d6d795a8b5a9c17070f6a63c97a53b2', '63479ad69a090b258277ec8fba6f99419a2ffb248981510657c944ccd1148e', 1, TRUE, NULL),
    (31, 'reyansh.singh31', '3b612c75a7b5048a435fb6ec81e52ff92d6d795a8b5a9c17070f6a63c97a53b2', '63479ad69a090b258277ec8fba6f99419a2ffb248981510657c944ccd1148e', 1, TRUE, NULL),
    (32, 'zara.iyer32', '3b612c75a7b5048a435fb6ec81e52ff92d6d795a8b5a9c17070f6a63c97a53b2', '63479ad69a090b258277ec8fba6f99419a2ffb248981510657c944ccd1148e', 1, TRUE, NULL),
    (33, 'aditya.ghosh33', '3b612c75a7b5048a435fb6ec81e52ff92d6d795a8b5a9c17070f6a63c97a53b2', '63479ad69a090b258277ec8fba6f99419a2ffb248981510657c944ccd1148e', 1, TRUE, NULL),
    (34, 'vivaan.reddy34', '3b612c75a7b5048a435fb6ec81e52ff92d6d795a8b5a9c17070f6a63c97a53b2', '63479ad69a090b258277ec8fba6f99419a2ffb248981510657c944ccd1148e', 1, TRUE, NULL),
    (35, 'anika.patel35', '3b612c75a7b5048a435fb6ec81e52ff92d6d795a8b5a9c17070f6a63c97a53b2', '63479ad69a090b258277ec8fba6f99419a2ffb248981510657c944ccd1148e', 1, TRUE, NULL),
    (36, 'vivaan.khan36', '3b612c75a7b5048a435fb6ec81e52ff92d6d795a8b5a9c17070f6a63c97a53b2', '63479ad69a090b258277ec8fba6f99419a2ffb248981510657c944ccd1148e', 1, TRUE, NULL),
    (37, 'aadhya.iyer37', '3b612c75a7b5048a435fb6ec81e52ff92d6d795a8b5a9c17070f6a63c97a53b2', '63479ad69a090b258277ec8fba6f99419a2ffb248981510657c944ccd1148e', 1, TRUE, NULL),
    (38, 'kabir.naidu38', '3b612c75a7b5048a435fb6ec81e52ff92d6d795a8b5a9c17070f6a63c97a53b2', '63479ad69a090b258277ec8fba6f99419a2ffb248981510657c944ccd1148e', 1, TRUE, NULL),
    (39, 'anika.iyer39', '3b612c75a7b5048a435fb6ec81e52ff92d6d795a8b5a9c17070f6a63c97a53b2', '63479ad69a090b258277ec8fba6f99419a2ffb248981510657c944ccd1148e', 1, TRUE, NULL),
    (40, 'myra.khan40', '3b612c75a7b5048a435fb6ec81e52ff92d6d795a8b5a9c17070f6a63c97a53b2', '63479ad69a090b258277ec8fba6f99419a2ffb248981510657c944ccd1148e', 1, TRUE, NULL),
    (41, 'sai.iyer41', '3b612c75a7b5048a435fb6ec81e52ff92d6d795a8b5a9c17070f6a63c97a53b2', '63479ad69a090b258277ec8fba6f99419a2ffb248981510657c944ccd1148e', 1, TRUE, NULL),
    (42, 'aarohi.sharma42', '3b612c75a7b5048a435fb6ec81e52ff92d6d795a8b5a9c17070f6a63c97a53b2', '63479ad69a090b258277ec8fba6f99419a2ffb248981510657c944ccd1148e', 1, TRUE, NULL),
    (43, 'anaya.gupta43', '3b612c75a7b5048a435fb6ec81e52ff92d6d795a8b5a9c17070f6a63c97a53b2', '63479ad69a090b258277ec8fba6f99419a2ffb248981510657c944ccd1148e', 1, TRUE, NULL),
    (44, 'aarav.khan44', '3b612c75a7b5048a435fb6ec81e52ff92d6d795a8b5a9c17070f6a63c97a53b2', '63479ad69a090b258277ec8fba6f99419a2ffb248981510657c944ccd1148e', 1, TRUE, NULL),
    (45, 'krishna.singh45', '3b612c75a7b5048a435fb6ec81e52ff92d6d795a8b5a9c17070f6a63c97a53b2', '63479ad69a090b258277ec8fba6f99419a2ffb248981510657c944ccd1148e', 1, TRUE, NULL),
    (46, 'aadhya.khan46', '3b612c75a7b5048a435fb6ec81e52ff92d6d795a8b5a9c17070f6a63c97a53b2', '63479ad69a090b258277ec8fba6f99419a2ffb248981510657c944ccd1148e', 1, TRUE, NULL),
    (47, 'arjun.sharma47', '3b612c75a7b5048a435fb6ec81e52ff92d6d795a8b5a9c17070f6a63c97a53b2', '63479ad69a090b258277ec8fba6f99419a2ffb248981510657c944ccd1148e', 1, TRUE, NULL),
    (48, 'ishaan.das48', '3b612c75a7b5048a435fb6ec81e52ff92d6d795a8b5a9c17070f6a63c97a53b2', '63479ad69a090b258277ec8fba6f99419a2ffb248981510657c944ccd1148e', 1, TRUE, NULL),
    (49, 'krishna.khan49', '3b612c75a7b5048a435fb6ec81e52ff92d6d795a8b5a9c17070f6a63c97a53b2', '63479ad69a090b258277ec8fba6f99419a2ffb248981510657c944ccd1148e', 1, TRUE, NULL),
    (50, 'anika.naidu50', '3b612c75a7b5048a435fb6ec81e52ff92d6d795a8b5a9c17070f6a63c97a53b2', '63479ad69a090b258277ec8fba6f99419a2ffb248981510657c944ccd1148e', 1, TRUE, NULL),
    (51, 'aadhya.menon51', '3b612c75a7b5048a435fb6ec81e52ff92d6d795a8b5a9c17070f6a63c97a53b2', '63479ad69a090b258277ec8fba6f99419a2ffb248981510657c944ccd1148e', 1, TRUE, NULL),
    (52, 'sai.naidu52', '3b612c75a7b5048a435fb6ec81e52ff92d6d795a8b5a9c17070f6a63c97a53b2', '63479ad69a090b258277ec8fba6f99419a2ffb248981510657c944ccd1148e', 1, TRUE, NULL),
    (53, 'aarohi.sharma53', '3b612c75a7b5048a435fb6ec81e52ff92d6d795a8b5a9c17070f6a63c97a53b2', '63479ad69a090b258277ec8fba6f99419a2ffb248981510657c944ccd1148e', 2, TRUE, NULL),
    (54, 'anaya.khan54', '3b612c75a7b5048a435fb6ec81e52ff92d6d795a8b5a9c17070f6a63c97a53b2', '63479ad69a090b258277ec8fba6f99419a2ffb248981510657c944ccd1148e', 1, TRUE, NULL),
    (55, 'myra.ghosh55', '3b612c75a7b5048a435fb6ec81e52ff92d6d795a8b5a9c17070f6a63c97a53b2', '63479ad69a090b258277ec8fba6f99419a2ffb248981510657c944ccd1148e', 1, TRUE, NULL),
    (56, 'kabir.khan56', '3b612c75a7b5048a435fb6ec81e52ff92d6d795a8b5a9c17070f6a63c97a53b2', '63479ad69a090b258277ec8fba6f99419a2ffb248981510657c944ccd1148e', 1, TRUE, NULL),
    (57, 'aarav.das57', '3b612c75a7b5048a435fb6ec81e52ff92d6d795a8b5a9c17070f6a63c97a53b2', '63479ad69a090b258277ec8fba6f99419a2ffb248981510657c944ccd1148e', 1, TRUE, NULL),
    (58, 'aarav.gupta58', '3b612c75a7b5048a435fb6ec81e52ff92d6d795a8b5a9c17070f6a63c97a53b2', '63479ad69a090b258277ec8fba6f99419a2ffb248981510657c944ccd1148e', 1, TRUE, NULL),
    (59, 'ishaan.reddy59', '3b612c75a7b5048a435fb6ec81e52ff92d6d795a8b5a9c17070f6a63c97a53b2', '63479ad69a090b258277ec8fba6f99419a2ffb248981510657c944ccd1148e', 1, TRUE, NULL),
    (60, 'krishna.iyer60', '3b612c75a7b5048a435fb6ec81e52ff92d6d795a8b5a9c17070f6a63c97a53b2', '63479ad69a090b258277ec8fba6f99419a2ffb248981510657c944ccd1148e', 1, TRUE, NULL),
    (61, 'anika.sharma61', '3b612c75a7b5048a435fb6ec81e52ff92d6d795a8b5a9c17070f6a63c97a53b2', '63479ad69a090b258277ec8fba6f99419a2ffb248981510657c944ccd1148e', 1, TRUE, NULL),
    (62, 'ira.singh62', '3b612c75a7b5048a435fb6ec81e52ff92d6d795a8b5a9c17070f6a63c97a53b2', '63479ad69a090b258277ec8fba6f99419a2ffb248981510657c944ccd1148e', 1, TRUE, NULL),
    (63, 'vivaan.reddy63', '3b612c75a7b5048a435fb6ec81e52ff92d6d795a8b5a9c17070f6a63c97a53b2', '63479ad69a090b258277ec8fba6f99419a2ffb248981510657c944ccd1148e', 1, TRUE, NULL),
    (64, 'ira.verma64', '3b612c75a7b5048a435fb6ec81e52ff92d6d795a8b5a9c17070f6a63c97a53b2', '63479ad69a090b258277ec8fba6f99419a2ffb248981510657c944ccd1148e', 1, TRUE, NULL),
    (65, 'reyansh.singh65', '3b612c75a7b5048a435fb6ec81e52ff92d6d795a8b5a9c17070f6a63c97a53b2', '63479ad69a090b258277ec8fba6f99419a2ffb248981510657c944ccd1148e', 2, TRUE, NULL),
    (66, 'aadhya.patel66', '3b612c75a7b5048a435fb6ec81e52ff92d6d795a8b5a9c17070f6a63c97a53b2', '63479ad69a090b258277ec8fba6f99419a2ffb248981510657c944ccd1148e', 1, TRUE, NULL),
    (67, 'pari.singh67', '3b612c75a7b5048a435fb6ec81e52ff92d6d795a8b5a9c17070f6a63c97a53b2', '63479ad69a090b258277ec8fba6f99419a2ffb248981510657c944ccd1148e', 1, TRUE, NULL),
    (68, 'aarav.ghosh68', '3b612c75a7b5048a435fb6ec81e52ff92d6d795a8b5a9c17070f6a63c97a53b2', '63479ad69a090b258277ec8fba6f99419a2ffb248981510657c944ccd1148e', 1, TRUE, NULL),
    (69, 'aarav.sharma69', '3b612c75a7b5048a435fb6ec81e52ff92d6d795a8b5a9c17070f6a63c97a53b2', '63479ad69a090b258277ec8fba6f99419a2ffb248981510657c944ccd1148e', 1, TRUE, NULL),
    (70, 'diya.khan70', '3b612c75a7b5048a435fb6ec81e52ff92d6d795a8b5a9c17070f6a63c97a53b2', '63479ad69a090b258277ec8fba6f99419a2ffb248981510657c944ccd1148e', 1, TRUE, NULL),
    (71, 'pari.verma71', '3b612c75a7b5048a435fb6ec81e52ff92d6d795a8b5a9c17070f6a63c97a53b2', '63479ad69a090b258277ec8fba6f99419a2ffb248981510657c944ccd1148e', 1, TRUE, NULL),
    (72, 'reyansh.menon72', '3b612c75a7b5048a435fb6ec81e52ff92d6d795a8b5a9c17070f6a63c97a53b2', '63479ad69a090b258277ec8fba6f99419a2ffb248981510657c944ccd1148e', 1, TRUE, NULL),
    (73, 'zara.naidu73', '3b612c75a7b5048a435fb6ec81e52ff92d6d795a8b5a9c17070f6a63c97a53b2', '63479ad69a090b258277ec8fba6f99419a2ffb248981510657c944ccd1148e', 1, TRUE, NULL),
    (74, 'aarohi.verma74', '3b612c75a7b5048a435fb6ec81e52ff92d6d795a8b5a9c17070f6a63c97a53b2', '63479ad69a090b258277ec8fba6f99419a2ffb248981510657c944ccd1148e', 1, TRUE, NULL),
    (75, 'zara.singh75', '3b612c75a7b5048a435fb6ec81e52ff92d6d795a8b5a9c17070f6a63c97a53b2', '63479ad69a090b258277ec8fba6f99419a2ffb248981510657c944ccd1148e', 1, TRUE, NULL),
    (76, 'ira.iyer76', '3b612c75a7b5048a435fb6ec81e52ff92d6d795a8b5a9c17070f6a63c97a53b2', '63479ad69a090b258277ec8fba6f99419a2ffb248981510657c944ccd1148e', 1, TRUE, NULL),
    (77, 'diya.patel77', '3b612c75a7b5048a435fb6ec81e52ff92d6d795a8b5a9c17070f6a63c97a53b2', '63479ad69a090b258277ec8fba6f99419a2ffb248981510657c944ccd1148e', 1, TRUE, NULL),
    (78, 'aditya.das78', '3b612c75a7b5048a435fb6ec81e52ff92d6d795a8b5a9c17070f6a63c97a53b2', '63479ad69a090b258277ec8fba6f99419a2ffb248981510657c944ccd1148e', 1, TRUE, NULL),
    (79, 'arjun.das79', '3b612c75a7b5048a435fb6ec81e52ff92d6d795a8b5a9c17070f6a63c97a53b2', '63479ad69a090b258277ec8fba6f99419a2ffb248981510657c944ccd1148e', 1, TRUE, NULL),
    (80, 'kabir.menon80', '3b612c75a7b5048a435fb6ec81e52ff92d6d795a8b5a9c17070f6a63c97a53b2', '63479ad69a090b258277ec8fba6f99419a2ffb248981510657c944ccd1148e', 1, TRUE, NULL),
    (81, 'diya.patel81', '3b612c75a7b5048a435fb6ec81e52ff92d6d795a8b5a9c17070f6a63c97a53b2', '63479ad69a090b258277ec8fba6f99419a2ffb248981510657c944ccd1148e', 1, TRUE, NULL),
    (82, 'aarav.iyer82', '3b612c75a7b5048a435fb6ec81e52ff92d6d795a8b5a9c17070f6a63c97a53b2', '63479ad69a090b258277ec8fba6f99419a2ffb248981510657c944ccd1148e', 1, TRUE, NULL),
    (83, 'aarohi.naidu83', '3b612c75a7b5048a435fb6ec81e52ff92d6d795a8b5a9c17070f6a63c97a53b2', '63479ad69a090b258277ec8fba6f99419a2ffb248981510657c944ccd1148e', 1, TRUE, NULL),
    (84, 'sai.sharma84', '3b612c75a7b5048a435fb6ec81e52ff92d6d795a8b5a9c17070f6a63c97a53b2', '63479ad69a090b258277ec8fba6f99419a2ffb248981510657c944ccd1148e', 1, TRUE, NULL),
    (85, 'anaya.naidu85', '3b612c75a7b5048a435fb6ec81e52ff92d6d795a8b5a9c17070f6a63c97a53b2', '63479ad69a090b258277ec8fba6f99419a2ffb248981510657c944ccd1148e', 1, TRUE, NULL),
    (86, 'anaya.verma86', '3b612c75a7b5048a435fb6ec81e52ff92d6d795a8b5a9c17070f6a63c97a53b2', '63479ad69a090b258277ec8fba6f99419a2ffb248981510657c944ccd1148e', 1, TRUE, NULL),
    (87, 'aarav.patel87', '3b612c75a7b5048a435fb6ec81e52ff92d6d795a8b5a9c17070f6a63c97a53b2', '63479ad69a090b258277ec8fba6f99419a2ffb248981510657c944ccd1148e', 1, TRUE, NULL),
    (88, 'ishaan.iyer88', '3b612c75a7b5048a435fb6ec81e52ff92d6d795a8b5a9c17070f6a63c97a53b2', '63479ad69a090b258277ec8fba6f99419a2ffb248981510657c944ccd1148e', 1, TRUE, NULL),
    (89, 'kabir.iyer89', '3b612c75a7b5048a435fb6ec81e52ff92d6d795a8b5a9c17070f6a63c97a53b2', '63479ad69a090b258277ec8fba6f99419a2ffb248981510657c944ccd1148e', 1, TRUE, NULL),
    (90, 'arjun.khan90', '3b612c75a7b5048a435fb6ec81e52ff92d6d795a8b5a9c17070f6a63c97a53b2', '63479ad69a090b258277ec8fba6f99419a2ffb248981510657c944ccd1148e', 1, TRUE, NULL),
    (91, 'sai.khan91', '3b612c75a7b5048a435fb6ec81e52ff92d6d795a8b5a9c17070f6a63c97a53b2', '63479ad69a090b258277ec8fba6f99419a2ffb248981510657c944ccd1148e', 1, TRUE, NULL),
    (92, 'pari.singh92', '3b612c75a7b5048a435fb6ec81e52ff92d6d795a8b5a9c17070f6a63c97a53b2', '63479ad69a090b258277ec8fba6f99419a2ffb248981510657c944ccd1148e', 1, TRUE, NULL),
    (93, 'krishna.naidu93', '3b612c75a7b5048a435fb6ec81e52ff92d6d795a8b5a9c17070f6a63c97a53b2', '63479ad69a090b258277ec8fba6f99419a2ffb248981510657c944ccd1148e', 1, TRUE, NULL),
    (94, 'vivaan.iyer94', '3b612c75a7b5048a435fb6ec81e52ff92d6d795a8b5a9c17070f6a63c97a53b2', '63479ad69a090b258277ec8fba6f99419a2ffb248981510657c944ccd1148e', 1, TRUE, NULL),
    (95, 'zara.ghosh95', '3b612c75a7b5048a435fb6ec81e52ff92d6d795a8b5a9c17070f6a63c97a53b2', '63479ad69a090b258277ec8fba6f99419a2ffb248981510657c944ccd1148e', 1, TRUE, NULL),
    (96, 'sara.das96', '3b612c75a7b5048a435fb6ec81e52ff92d6d795a8b5a9c17070f6a63c97a53b2', '63479ad69a090b258277ec8fba6f99419a2ffb248981510657c944ccd1148e', 1, TRUE, NULL),
    (97, 'vivaan.verma97', '3b612c75a7b5048a435fb6ec81e52ff92d6d795a8b5a9c17070f6a63c97a53b2', '63479ad69a090b258277ec8fba6f99419a2ffb248981510657c944ccd1148e', 1, TRUE, NULL),
    (98, 'ira.das98', '3b612c75a7b5048a435fb6ec81e52ff92d6d795a8b5a9c17070f6a63c97a53b2', '63479ad69a090b258277ec8fba6f99419a2ffb248981510657c944ccd1148e', 1, TRUE, NULL),
    (99, 'aadhya.ghosh99', '3b612c75a7b5048a435fb6ec81e52ff92d6d795a8b5a9c17070f6a63c97a53b2', '63479ad69a090b258277ec8fba6f99419a2ffb248981510657c944ccd1148e', 1, TRUE, NULL),
    (100, 'anaya.naidu100', '3b612c75a7b5048a435fb6ec81e52ff92d6d795a8b5a9c17070f6a63c97a53b2', '63479ad69a090b258277ec8fba6f99419a2ffb248981510657c944ccd1148e', 1, TRUE, NULL),
    (101, 'kabir.gupta101', '3b612c75a7b5048a435fb6ec81e52ff92d6d795a8b5a9c17070f6a63c97a53b2', '63479ad69a090b258277ec8fba6f99419a2ffb248981510657c944ccd1148e', 1, TRUE, NULL),
    (102, 'anika.iyer102', '3b612c75a7b5048a435fb6ec81e52ff92d6d795a8b5a9c17070f6a63c97a53b2', '63479ad69a090b258277ec8fba6f99419a2ffb248981510657c944ccd1148e', 1, TRUE, NULL),
    (103, 'arjun.menon103', '3b612c75a7b5048a435fb6ec81e52ff92d6d795a8b5a9c17070f6a63c97a53b2', '63479ad69a090b258277ec8fba6f99419a2ffb248981510657c944ccd1148e', 1, TRUE, NULL),
    (104, 'vivaan.reddy104', '3b612c75a7b5048a435fb6ec81e52ff92d6d795a8b5a9c17070f6a63c97a53b2', '63479ad69a090b258277ec8fba6f99419a2ffb248981510657c944ccd1148e', 1, TRUE, NULL),
    (105, 'kabir.reddy105', '3b612c75a7b5048a435fb6ec81e52ff92d6d795a8b5a9c17070f6a63c97a53b2', '63479ad69a090b258277ec8fba6f99419a2ffb248981510657c944ccd1148e', 1, TRUE, NULL),
    (106, 'aarohi.menon106', '3b612c75a7b5048a435fb6ec81e52ff92d6d795a8b5a9c17070f6a63c97a53b2', '63479ad69a090b258277ec8fba6f99419a2ffb248981510657c944ccd1148e', 1, TRUE, NULL),
    (107, 'aarohi.patel107', '3b612c75a7b5048a435fb6ec81e52ff92d6d795a8b5a9c17070f6a63c97a53b2', '63479ad69a090b258277ec8fba6f99419a2ffb248981510657c944ccd1148e', 2, TRUE, NULL),
    (108, 'arjun.menon108', '3b612c75a7b5048a435fb6ec81e52ff92d6d795a8b5a9c17070f6a63c97a53b2', '63479ad69a090b258277ec8fba6f99419a2ffb248981510657c944ccd1148e', 1, TRUE, NULL),
    (109, 'vivaan.das109', '3b612c75a7b5048a435fb6ec81e52ff92d6d795a8b5a9c17070f6a63c97a53b2', '63479ad69a090b258277ec8fba6f99419a2ffb248981510657c944ccd1148e', 1, TRUE, NULL),
    (110, 'pari.reddy110', '3b612c75a7b5048a435fb6ec81e52ff92d6d795a8b5a9c17070f6a63c97a53b2', '63479ad69a090b258277ec8fba6f99419a2ffb248981510657c944ccd1148e', 1, TRUE, NULL),
    (111, 'aarohi.das111', '3b612c75a7b5048a435fb6ec81e52ff92d6d795a8b5a9c17070f6a63c97a53b2', '63479ad69a090b258277ec8fba6f99419a2ffb248981510657c944ccd1148e', 1, TRUE, NULL),
    (112, 'anaya.reddy112', '3b612c75a7b5048a435fb6ec81e52ff92d6d795a8b5a9c17070f6a63c97a53b2', '63479ad69a090b258277ec8fba6f99419a2ffb248981510657c944ccd1148e', 1, TRUE, NULL),
    (113, 'anika.reddy113', '3b612c75a7b5048a435fb6ec81e52ff92d6d795a8b5a9c17070f6a63c97a53b2', '63479ad69a090b258277ec8fba6f99419a2ffb248981510657c944ccd1148e', 1, TRUE, NULL),
    (114, 'sai.gupta114', '3b612c75a7b5048a435fb6ec81e52ff92d6d795a8b5a9c17070f6a63c97a53b2', '63479ad69a090b258277ec8fba6f99419a2ffb248981510657c944ccd1148e', 1, TRUE, NULL),
    (115, 'ishaan.verma115', '3b612c75a7b5048a435fb6ec81e52ff92d6d795a8b5a9c17070f6a63c97a53b2', '63479ad69a090b258277ec8fba6f99419a2ffb248981510657c944ccd1148e', 1, TRUE, NULL),
    (116, 'sara.sharma116', '3b612c75a7b5048a435fb6ec81e52ff92d6d795a8b5a9c17070f6a63c97a53b2', '63479ad69a090b258277ec8fba6f99419a2ffb248981510657c944ccd1148e', 1, TRUE, NULL),
    (117, 'aadhya.ghosh117', '3b612c75a7b5048a435fb6ec81e52ff92d6d795a8b5a9c17070f6a63c97a53b2', '63479ad69a090b258277ec8fba6f99419a2ffb248981510657c944ccd1148e', 1, TRUE, NULL),
    (118, 'arjun.menon118', '3b612c75a7b5048a435fb6ec81e52ff92d6d795a8b5a9c17070f6a63c97a53b2', '63479ad69a090b258277ec8fba6f99419a2ffb248981510657c944ccd1148e', 1, TRUE, NULL),
    (119, 'aarav.khan119', '3b612c75a7b5048a435fb6ec81e52ff92d6d795a8b5a9c17070f6a63c97a53b2', '63479ad69a090b258277ec8fba6f99419a2ffb248981510657c944ccd1148e', 1, TRUE, NULL),
    (120, 'vivaan.sharma120', '3b612c75a7b5048a435fb6ec81e52ff92d6d795a8b5a9c17070f6a63c97a53b2', '63479ad69a090b258277ec8fba6f99419a2ffb248981510657c944ccd1148e', 1, TRUE, NULL),
    (121, 'reyansh.gupta121', '3b612c75a7b5048a435fb6ec81e52ff92d6d795a8b5a9c17070f6a63c97a53b2', '63479ad69a090b258277ec8fba6f99419a2ffb248981510657c944ccd1148e', 1, TRUE, NULL),
    (122, 'kabir.iyer122', '3b612c75a7b5048a435fb6ec81e52ff92d6d795a8b5a9c17070f6a63c97a53b2', '63479ad69a090b258277ec8fba6f99419a2ffb248981510657c944ccd1148e', 1, TRUE, NULL),
    (123, 'kabir.khan123', '3b612c75a7b5048a435fb6ec81e52ff92d6d795a8b5a9c17070f6a63c97a53b2', '63479ad69a090b258277ec8fba6f99419a2ffb248981510657c944ccd1148e', 2, TRUE, NULL),
    (124, 'aarohi.verma124', '3b612c75a7b5048a435fb6ec81e52ff92d6d795a8b5a9c17070f6a63c97a53b2', '63479ad69a090b258277ec8fba6f99419a2ffb248981510657c944ccd1148e', 1, TRUE, NULL),
    (125, 'anika.khan125', '3b612c75a7b5048a435fb6ec81e52ff92d6d795a8b5a9c17070f6a63c97a53b2', '63479ad69a090b258277ec8fba6f99419a2ffb248981510657c944ccd1148e', 1, TRUE, NULL),
    (126, 'myra.verma126', '3b612c75a7b5048a435fb6ec81e52ff92d6d795a8b5a9c17070f6a63c97a53b2', '63479ad69a090b258277ec8fba6f99419a2ffb248981510657c944ccd1148e', 1, TRUE, NULL),
    (127, 'aarav.das127', '3b612c75a7b5048a435fb6ec81e52ff92d6d795a8b5a9c17070f6a63c97a53b2', '63479ad69a090b258277ec8fba6f99419a2ffb248981510657c944ccd1148e', 1, TRUE, NULL),
    (128, 'pari.khan128', '3b612c75a7b5048a435fb6ec81e52ff92d6d795a8b5a9c17070f6a63c97a53b2', '63479ad69a090b258277ec8fba6f99419a2ffb248981510657c944ccd1148e', 1, TRUE, NULL),
    (129, 'kabir.naidu129', '3b612c75a7b5048a435fb6ec81e52ff92d6d795a8b5a9c17070f6a63c97a53b2', '63479ad69a090b258277ec8fba6f99419a2ffb248981510657c944ccd1148e', 1, TRUE, NULL),
    (130, 'pari.reddy130', '3b612c75a7b5048a435fb6ec81e52ff92d6d795a8b5a9c17070f6a63c97a53b2', '63479ad69a090b258277ec8fba6f99419a2ffb248981510657c944ccd1148e', 1, TRUE, NULL),
    (131, 'aarav.ghosh131', '3b612c75a7b5048a435fb6ec81e52ff92d6d795a8b5a9c17070f6a63c97a53b2', '63479ad69a090b258277ec8fba6f99419a2ffb248981510657c944ccd1148e', 1, TRUE, NULL),
    (132, 'aarav.gupta132', '3b612c75a7b5048a435fb6ec81e52ff92d6d795a8b5a9c17070f6a63c97a53b2', '63479ad69a090b258277ec8fba6f99419a2ffb248981510657c944ccd1148e', 1, TRUE, NULL),
    (133, 'aadhya.ghosh133', '3b612c75a7b5048a435fb6ec81e52ff92d6d795a8b5a9c17070f6a63c97a53b2', '63479ad69a090b258277ec8fba6f99419a2ffb248981510657c944ccd1148e', 1, TRUE, NULL),
    (134, 'diya.khan134', '3b612c75a7b5048a435fb6ec81e52ff92d6d795a8b5a9c17070f6a63c97a53b2', '63479ad69a090b258277ec8fba6f99419a2ffb248981510657c944ccd1148e', 1, TRUE, NULL),
    (135, 'aarohi.patel135', '3b612c75a7b5048a435fb6ec81e52ff92d6d795a8b5a9c17070f6a63c97a53b2', '63479ad69a090b258277ec8fba6f99419a2ffb248981510657c944ccd1148e', 1, TRUE, NULL),
    (136, 'arjun.patel136', '3b612c75a7b5048a435fb6ec81e52ff92d6d795a8b5a9c17070f6a63c97a53b2', '63479ad69a090b258277ec8fba6f99419a2ffb248981510657c944ccd1148e', 1, TRUE, NULL),
    (137, 'krishna.verma137', '3b612c75a7b5048a435fb6ec81e52ff92d6d795a8b5a9c17070f6a63c97a53b2', '63479ad69a090b258277ec8fba6f99419a2ffb248981510657c944ccd1148e', 1, TRUE, NULL),
    (138, 'aditya.sharma138', '3b612c75a7b5048a435fb6ec81e52ff92d6d795a8b5a9c17070f6a63c97a53b2', '63479ad69a090b258277ec8fba6f99419a2ffb248981510657c944ccd1148e', 1, TRUE, NULL),
    (139, 'krishna.sharma139', '3b612c75a7b5048a435fb6ec81e52ff92d6d795a8b5a9c17070f6a63c97a53b2', '63479ad69a090b258277ec8fba6f99419a2ffb248981510657c944ccd1148e', 1, TRUE, NULL),
    (140, 'ira.singh140', '3b612c75a7b5048a435fb6ec81e52ff92d6d795a8b5a9c17070f6a63c97a53b2', '63479ad69a090b258277ec8fba6f99419a2ffb248981510657c944ccd1148e', 1, TRUE, NULL),
    (141, 'aarav.singh141', '3b612c75a7b5048a435fb6ec81e52ff92d6d795a8b5a9c17070f6a63c97a53b2', '63479ad69a090b258277ec8fba6f99419a2ffb248981510657c944ccd1148e', 2, TRUE, NULL),
    (142, 'ira.naidu142', '3b612c75a7b5048a435fb6ec81e52ff92d6d795a8b5a9c17070f6a63c97a53b2', '63479ad69a090b258277ec8fba6f99419a2ffb248981510657c944ccd1148e', 1, TRUE, NULL),
    (143, 'reyansh.naidu143', '3b612c75a7b5048a435fb6ec81e52ff92d6d795a8b5a9c17070f6a63c97a53b2', '63479ad69a090b258277ec8fba6f99419a2ffb248981510657c944ccd1148e', 1, TRUE, NULL),
    (144, 'diya.das144', '3b612c75a7b5048a435fb6ec81e52ff92d6d795a8b5a9c17070f6a63c97a53b2', '63479ad69a090b258277ec8fba6f99419a2ffb248981510657c944ccd1148e', 1, TRUE, NULL),
    (145, 'anaya.iyer145', '3b612c75a7b5048a435fb6ec81e52ff92d6d795a8b5a9c17070f6a63c97a53b2', '63479ad69a090b258277ec8fba6f99419a2ffb248981510657c944ccd1148e', 1, TRUE, NULL),
    (146, 'aditya.das146', '3b612c75a7b5048a435fb6ec81e52ff92d6d795a8b5a9c17070f6a63c97a53b2', '63479ad69a090b258277ec8fba6f99419a2ffb248981510657c944ccd1148e', 1, TRUE, NULL),
    (147, 'anaya.sharma147', '3b612c75a7b5048a435fb6ec81e52ff92d6d795a8b5a9c17070f6a63c97a53b2', '63479ad69a090b258277ec8fba6f99419a2ffb248981510657c944ccd1148e', 1, TRUE, NULL),
    (148, 'arjun.menon148', '3b612c75a7b5048a435fb6ec81e52ff92d6d795a8b5a9c17070f6a63c97a53b2', '63479ad69a090b258277ec8fba6f99419a2ffb248981510657c944ccd1148e', 1, TRUE, NULL),
    (149, 'anika.singh149', '3b612c75a7b5048a435fb6ec81e52ff92d6d795a8b5a9c17070f6a63c97a53b2', '63479ad69a090b258277ec8fba6f99419a2ffb248981510657c944ccd1148e', 1, TRUE, NULL),
    (150, 'ishaan.sharma150', '3b612c75a7b5048a435fb6ec81e52ff92d6d795a8b5a9c17070f6a63c97a53b2', '63479ad69a090b258277ec8fba6f99419a2ffb248981510657c944ccd1148e', 1, TRUE, NULL),
    (151, 'krishna.verma151', '3b612c75a7b5048a435fb6ec81e52ff92d6d795a8b5a9c17070f6a63c97a53b2', '63479ad69a090b258277ec8fba6f99419a2ffb248981510657c944ccd1148e', 1, TRUE, NULL),
    (152, 'diya.ghosh152', '3b612c75a7b5048a435fb6ec81e52ff92d6d795a8b5a9c17070f6a63c97a53b2', '63479ad69a090b258277ec8fba6f99419a2ffb248981510657c944ccd1148e', 1, TRUE, NULL),
    (153, 'pari.patel153', '3b612c75a7b5048a435fb6ec81e52ff92d6d795a8b5a9c17070f6a63c97a53b2', '63479ad69a090b258277ec8fba6f99419a2ffb248981510657c944ccd1148e', 1, TRUE, NULL),
    (154, 'aarohi.reddy154', '3b612c75a7b5048a435fb6ec81e52ff92d6d795a8b5a9c17070f6a63c97a53b2', '63479ad69a090b258277ec8fba6f99419a2ffb248981510657c944ccd1148e', 1, TRUE, NULL),
    (155, 'anaya.iyer155', '3b612c75a7b5048a435fb6ec81e52ff92d6d795a8b5a9c17070f6a63c97a53b2', '63479ad69a090b258277ec8fba6f99419a2ffb248981510657c944ccd1148e', 2, TRUE, NULL),
    (156, 'zara.singh156', '3b612c75a7b5048a435fb6ec81e52ff92d6d795a8b5a9c17070f6a63c97a53b2', '63479ad69a090b258277ec8fba6f99419a2ffb248981510657c944ccd1148e', 1, TRUE, NULL),
    (157, 'aditya.iyer157', '3b612c75a7b5048a435fb6ec81e52ff92d6d795a8b5a9c17070f6a63c97a53b2', '63479ad69a090b258277ec8fba6f99419a2ffb248981510657c944ccd1148e', 1, TRUE, NULL),
    (158, 'pari.menon158', '3b612c75a7b5048a435fb6ec81e52ff92d6d795a8b5a9c17070f6a63c97a53b2', '63479ad69a090b258277ec8fba6f99419a2ffb248981510657c944ccd1148e', 1, TRUE, NULL),
    (159, 'ira.gupta159', '3b612c75a7b5048a435fb6ec81e52ff92d6d795a8b5a9c17070f6a63c97a53b2', '63479ad69a090b258277ec8fba6f99419a2ffb248981510657c944ccd1148e', 1, TRUE, NULL),
    (160, 'myra.ghosh160', '3b612c75a7b5048a435fb6ec81e52ff92d6d795a8b5a9c17070f6a63c97a53b2', '63479ad69a090b258277ec8fba6f99419a2ffb248981510657c944ccd1148e', 1, TRUE, NULL),
    (161, 'ishaan.patel161', '3b612c75a7b5048a435fb6ec81e52ff92d6d795a8b5a9c17070f6a63c97a53b2', '63479ad69a090b258277ec8fba6f99419a2ffb248981510657c944ccd1148e', 1, TRUE, NULL),
    (162, 'vihaan.verma162', '3b612c75a7b5048a435fb6ec81e52ff92d6d795a8b5a9c17070f6a63c97a53b2', '63479ad69a090b258277ec8fba6f99419a2ffb248981510657c944ccd1148e', 1, TRUE, NULL),
    (163, 'anika.gupta163', '3b612c75a7b5048a435fb6ec81e52ff92d6d795a8b5a9c17070f6a63c97a53b2', '63479ad69a090b258277ec8fba6f99419a2ffb248981510657c944ccd1148e', 1, TRUE, NULL),
    (164, 'zara.gupta164', '3b612c75a7b5048a435fb6ec81e52ff92d6d795a8b5a9c17070f6a63c97a53b2', '63479ad69a090b258277ec8fba6f99419a2ffb248981510657c944ccd1148e', 1, TRUE, NULL),
    (165, 'aarohi.singh165', '3b612c75a7b5048a435fb6ec81e52ff92d6d795a8b5a9c17070f6a63c97a53b2', '63479ad69a090b258277ec8fba6f99419a2ffb248981510657c944ccd1148e', 1, TRUE, NULL),
    (166, 'pari.patel166', '3b612c75a7b5048a435fb6ec81e52ff92d6d795a8b5a9c17070f6a63c97a53b2', '63479ad69a090b258277ec8fba6f99419a2ffb248981510657c944ccd1148e', 1, TRUE, NULL),
    (167, 'aadhya.patel167', '3b612c75a7b5048a435fb6ec81e52ff92d6d795a8b5a9c17070f6a63c97a53b2', '63479ad69a090b258277ec8fba6f99419a2ffb248981510657c944ccd1148e', 2, TRUE, NULL),
    (168, 'sara.singh168', '3b612c75a7b5048a435fb6ec81e52ff92d6d795a8b5a9c17070f6a63c97a53b2', '63479ad69a090b258277ec8fba6f99419a2ffb248981510657c944ccd1148e', 1, TRUE, NULL),
    (169, 'aditya.gupta169', '3b612c75a7b5048a435fb6ec81e52ff92d6d795a8b5a9c17070f6a63c97a53b2', '63479ad69a090b258277ec8fba6f99419a2ffb248981510657c944ccd1148e', 1, TRUE, NULL),
    (170, 'pari.iyer170', '3b612c75a7b5048a435fb6ec81e52ff92d6d795a8b5a9c17070f6a63c97a53b2', '63479ad69a090b258277ec8fba6f99419a2ffb248981510657c944ccd1148e', 1, TRUE, NULL),
    (171, 'aarohi.patel171', '3b612c75a7b5048a435fb6ec81e52ff92d6d795a8b5a9c17070f6a63c97a53b2', '63479ad69a090b258277ec8fba6f99419a2ffb248981510657c944ccd1148e', 1, TRUE, NULL),
    (172, 'aadhya.gupta172', '3b612c75a7b5048a435fb6ec81e52ff92d6d795a8b5a9c17070f6a63c97a53b2', '63479ad69a090b258277ec8fba6f99419a2ffb248981510657c944ccd1148e', 1, TRUE, NULL),
    (173, 'anaya.patel173', '3b612c75a7b5048a435fb6ec81e52ff92d6d795a8b5a9c17070f6a63c97a53b2', '63479ad69a090b258277ec8fba6f99419a2ffb248981510657c944ccd1148e', 1, TRUE, NULL),
    (174, 'pari.sharma174', '3b612c75a7b5048a435fb6ec81e52ff92d6d795a8b5a9c17070f6a63c97a53b2', '63479ad69a090b258277ec8fba6f99419a2ffb248981510657c944ccd1148e', 1, TRUE, NULL),
    (175, 'anaya.das175', '3b612c75a7b5048a435fb6ec81e52ff92d6d795a8b5a9c17070f6a63c97a53b2', '63479ad69a090b258277ec8fba6f99419a2ffb248981510657c944ccd1148e', 1, TRUE, NULL),
    (176, 'aditya.das176', '3b612c75a7b5048a435fb6ec81e52ff92d6d795a8b5a9c17070f6a63c97a53b2', '63479ad69a090b258277ec8fba6f99419a2ffb248981510657c944ccd1148e', 1, TRUE, NULL),
    (177, 'vihaan.menon177', '3b612c75a7b5048a435fb6ec81e52ff92d6d795a8b5a9c17070f6a63c97a53b2', '63479ad69a090b258277ec8fba6f99419a2ffb248981510657c944ccd1148e', 1, TRUE, NULL),
    (178, 'anika.verma178', '3b612c75a7b5048a435fb6ec81e52ff92d6d795a8b5a9c17070f6a63c97a53b2', '63479ad69a090b258277ec8fba6f99419a2ffb248981510657c944ccd1148e', 2, TRUE, NULL),
    (179, 'sai.naidu179', '3b612c75a7b5048a435fb6ec81e52ff92d6d795a8b5a9c17070f6a63c97a53b2', '63479ad69a090b258277ec8fba6f99419a2ffb248981510657c944ccd1148e', 1, TRUE, NULL),
    (180, 'kabir.verma180', '3b612c75a7b5048a435fb6ec81e52ff92d6d795a8b5a9c17070f6a63c97a53b2', '63479ad69a090b258277ec8fba6f99419a2ffb248981510657c944ccd1148e', 1, TRUE, NULL),
    (181, 'reyansh.iyer181', '3b612c75a7b5048a435fb6ec81e52ff92d6d795a8b5a9c17070f6a63c97a53b2', '63479ad69a090b258277ec8fba6f99419a2ffb248981510657c944ccd1148e', 1, TRUE, NULL),
    (182, 'vihaan.das182', '3b612c75a7b5048a435fb6ec81e52ff92d6d795a8b5a9c17070f6a63c97a53b2', '63479ad69a090b258277ec8fba6f99419a2ffb248981510657c944ccd1148e', 1, TRUE, NULL),
    (183, 'ira.gupta183', '3b612c75a7b5048a435fb6ec81e52ff92d6d795a8b5a9c17070f6a63c97a53b2', '63479ad69a090b258277ec8fba6f99419a2ffb248981510657c944ccd1148e', 1, TRUE, NULL),
    (184, 'kabir.naidu184', '3b612c75a7b5048a435fb6ec81e52ff92d6d795a8b5a9c17070f6a63c97a53b2', '63479ad69a090b258277ec8fba6f99419a2ffb248981510657c944ccd1148e', 1, TRUE, NULL),
    (185, 'anika.reddy185', '3b612c75a7b5048a435fb6ec81e52ff92d6d795a8b5a9c17070f6a63c97a53b2', '63479ad69a090b258277ec8fba6f99419a2ffb248981510657c944ccd1148e', 1, TRUE, NULL),
    (186, 'myra.reddy186', '3b612c75a7b5048a435fb6ec81e52ff92d6d795a8b5a9c17070f6a63c97a53b2', '63479ad69a090b258277ec8fba6f99419a2ffb248981510657c944ccd1148e', 1, TRUE, NULL),
    (187, 'ishaan.ghosh187', '3b612c75a7b5048a435fb6ec81e52ff92d6d795a8b5a9c17070f6a63c97a53b2', '63479ad69a090b258277ec8fba6f99419a2ffb248981510657c944ccd1148e', 1, TRUE, NULL),
    (188, 'krishna.singh188', '3b612c75a7b5048a435fb6ec81e52ff92d6d795a8b5a9c17070f6a63c97a53b2', '63479ad69a090b258277ec8fba6f99419a2ffb248981510657c944ccd1148e', 1, TRUE, NULL),
    (189, 'anika.khan189', '3b612c75a7b5048a435fb6ec81e52ff92d6d795a8b5a9c17070f6a63c97a53b2', '63479ad69a090b258277ec8fba6f99419a2ffb248981510657c944ccd1148e', 1, TRUE, NULL),
    (190, 'anaya.patel190', '3b612c75a7b5048a435fb6ec81e52ff92d6d795a8b5a9c17070f6a63c97a53b2', '63479ad69a090b258277ec8fba6f99419a2ffb248981510657c944ccd1148e', 1, TRUE, NULL),
    (191, 'kabir.gupta191', '3b612c75a7b5048a435fb6ec81e52ff92d6d795a8b5a9c17070f6a63c97a53b2', '63479ad69a090b258277ec8fba6f99419a2ffb248981510657c944ccd1148e', 1, TRUE, NULL),
    (192, 'aditya.das192', '3b612c75a7b5048a435fb6ec81e52ff92d6d795a8b5a9c17070f6a63c97a53b2', '63479ad69a090b258277ec8fba6f99419a2ffb248981510657c944ccd1148e', 1, TRUE, NULL),
    (193, 'pari.das193', '3b612c75a7b5048a435fb6ec81e52ff92d6d795a8b5a9c17070f6a63c97a53b2', '63479ad69a090b258277ec8fba6f99419a2ffb248981510657c944ccd1148e', 1, TRUE, NULL),
    (194, 'anika.gupta194', '3b612c75a7b5048a435fb6ec81e52ff92d6d795a8b5a9c17070f6a63c97a53b2', '63479ad69a090b258277ec8fba6f99419a2ffb248981510657c944ccd1148e', 1, TRUE, NULL),
    (195, 'diya.singh195', '3b612c75a7b5048a435fb6ec81e52ff92d6d795a8b5a9c17070f6a63c97a53b2', '63479ad69a090b258277ec8fba6f99419a2ffb248981510657c944ccd1148e', 1, TRUE, NULL),
    (196, 'sai.menon196', '3b612c75a7b5048a435fb6ec81e52ff92d6d795a8b5a9c17070f6a63c97a53b2', '63479ad69a090b258277ec8fba6f99419a2ffb248981510657c944ccd1148e', 1, TRUE, NULL),
    (197, 'diya.sharma197', '3b612c75a7b5048a435fb6ec81e52ff92d6d795a8b5a9c17070f6a63c97a53b2', '63479ad69a090b258277ec8fba6f99419a2ffb248981510657c944ccd1148e', 1, TRUE, NULL),
    (198, 'vivaan.naidu198', '3b612c75a7b5048a435fb6ec81e52ff92d6d795a8b5a9c17070f6a63c97a53b2', '63479ad69a090b258277ec8fba6f99419a2ffb248981510657c944ccd1148e', 1, TRUE, NULL),
    (199, 'sara.menon199', '3b612c75a7b5048a435fb6ec81e52ff92d6d795a8b5a9c17070f6a63c97a53b2', '63479ad69a090b258277ec8fba6f99419a2ffb248981510657c944ccd1148e', 1, TRUE, NULL),
    (200, 'sai.iyer200', '3b612c75a7b5048a435fb6ec81e52ff92d6d795a8b5a9c17070f6a63c97a53b2', '63479ad69a090b258277ec8fba6f99419a2ffb248981510657c944ccd1148e', 1, TRUE, NULL),
    (201, 'zara.reddy201', '3b612c75a7b5048a435fb6ec81e52ff92d6d795a8b5a9c17070f6a63c97a53b2', '63479ad69a090b258277ec8fba6f99419a2ffb248981510657c944ccd1148e', 1, TRUE, NULL),
    (202, 'anika.menon202', '3b612c75a7b5048a435fb6ec81e52ff92d6d795a8b5a9c17070f6a63c97a53b2', '63479ad69a090b258277ec8fba6f99419a2ffb248981510657c944ccd1148e', 1, TRUE, NULL),
    (203, 'aditya.iyer203', '3b612c75a7b5048a435fb6ec81e52ff92d6d795a8b5a9c17070f6a63c97a53b2', '63479ad69a090b258277ec8fba6f99419a2ffb248981510657c944ccd1148e', 1, TRUE, NULL),
    (204, 'krishna.reddy204', '3b612c75a7b5048a435fb6ec81e52ff92d6d795a8b5a9c17070f6a63c97a53b2', '63479ad69a090b258277ec8fba6f99419a2ffb248981510657c944ccd1148e', 1, TRUE, NULL),
    (205, 'ishaan.khan205', '3b612c75a7b5048a435fb6ec81e52ff92d6d795a8b5a9c17070f6a63c97a53b2', '63479ad69a090b258277ec8fba6f99419a2ffb248981510657c944ccd1148e', 1, TRUE, NULL),
    (206, 'reyansh.gupta206', '3b612c75a7b5048a435fb6ec81e52ff92d6d795a8b5a9c17070f6a63c97a53b2', '63479ad69a090b258277ec8fba6f99419a2ffb248981510657c944ccd1148e', 1, TRUE, NULL),
    (207, 'zara.verma207', '3b612c75a7b5048a435fb6ec81e52ff92d6d795a8b5a9c17070f6a63c97a53b2', '63479ad69a090b258277ec8fba6f99419a2ffb248981510657c944ccd1148e', 1, TRUE, NULL),
    (208, 'ishaan.sharma208', '3b612c75a7b5048a435fb6ec81e52ff92d6d795a8b5a9c17070f6a63c97a53b2', '63479ad69a090b258277ec8fba6f99419a2ffb248981510657c944ccd1148e', 1, TRUE, NULL),
    (209, 'zara.naidu209', '3b612c75a7b5048a435fb6ec81e52ff92d6d795a8b5a9c17070f6a63c97a53b2', '63479ad69a090b258277ec8fba6f99419a2ffb248981510657c944ccd1148e', 1, TRUE, NULL),
    (210, 'anika.singh210', '3b612c75a7b5048a435fb6ec81e52ff92d6d795a8b5a9c17070f6a63c97a53b2', '63479ad69a090b258277ec8fba6f99419a2ffb248981510657c944ccd1148e', 1, TRUE, NULL),
    (211, 'sai.singh211', '3b612c75a7b5048a435fb6ec81e52ff92d6d795a8b5a9c17070f6a63c97a53b2', '63479ad69a090b258277ec8fba6f99419a2ffb248981510657c944ccd1148e', 1, TRUE, NULL),
    (212, 'vivaan.reddy212', '3b612c75a7b5048a435fb6ec81e52ff92d6d795a8b5a9c17070f6a63c97a53b2', '63479ad69a090b258277ec8fba6f99419a2ffb248981510657c944ccd1148e', 1, TRUE, NULL),
    (213, 'aarav.naidu213', '3b612c75a7b5048a435fb6ec81e52ff92d6d795a8b5a9c17070f6a63c97a53b2', '63479ad69a090b258277ec8fba6f99419a2ffb248981510657c944ccd1148e', 1, TRUE, NULL),
    (214, 'aadhya.reddy214', '3b612c75a7b5048a435fb6ec81e52ff92d6d795a8b5a9c17070f6a63c97a53b2', '63479ad69a090b258277ec8fba6f99419a2ffb248981510657c944ccd1148e', 2, TRUE, NULL),
    (215, 'aditya.khan215', '3b612c75a7b5048a435fb6ec81e52ff92d6d795a8b5a9c17070f6a63c97a53b2', '63479ad69a090b258277ec8fba6f99419a2ffb248981510657c944ccd1148e', 1, TRUE, NULL),
    (216, 'myra.khan216', '3b612c75a7b5048a435fb6ec81e52ff92d6d795a8b5a9c17070f6a63c97a53b2', '63479ad69a090b258277ec8fba6f99419a2ffb248981510657c944ccd1148e', 1, TRUE, NULL),
    (217, 'pari.khan217', '3b612c75a7b5048a435fb6ec81e52ff92d6d795a8b5a9c17070f6a63c97a53b2', '63479ad69a090b258277ec8fba6f99419a2ffb248981510657c944ccd1148e', 1, TRUE, NULL),
    (218, 'sara.patel218', '3b612c75a7b5048a435fb6ec81e52ff92d6d795a8b5a9c17070f6a63c97a53b2', '63479ad69a090b258277ec8fba6f99419a2ffb248981510657c944ccd1148e', 1, TRUE, NULL),
    (219, 'arjun.sharma219', '3b612c75a7b5048a435fb6ec81e52ff92d6d795a8b5a9c17070f6a63c97a53b2', '63479ad69a090b258277ec8fba6f99419a2ffb248981510657c944ccd1148e', 1, TRUE, NULL),
    (220, 'aditya.khan220', '3b612c75a7b5048a435fb6ec81e52ff92d6d795a8b5a9c17070f6a63c97a53b2', '63479ad69a090b258277ec8fba6f99419a2ffb248981510657c944ccd1148e', 2, TRUE, NULL),
    (221, 'ishaan.menon221', '3b612c75a7b5048a435fb6ec81e52ff92d6d795a8b5a9c17070f6a63c97a53b2', '63479ad69a090b258277ec8fba6f99419a2ffb248981510657c944ccd1148e', 1, TRUE, NULL),
    (222, 'kabir.reddy222', '3b612c75a7b5048a435fb6ec81e52ff92d6d795a8b5a9c17070f6a63c97a53b2', '63479ad69a090b258277ec8fba6f99419a2ffb248981510657c944ccd1148e', 1, TRUE, NULL),
    (223, 'sara.ghosh223', '3b612c75a7b5048a435fb6ec81e52ff92d6d795a8b5a9c17070f6a63c97a53b2', '63479ad69a090b258277ec8fba6f99419a2ffb248981510657c944ccd1148e', 2, TRUE, NULL),
    (224, 'sara.verma224', '3b612c75a7b5048a435fb6ec81e52ff92d6d795a8b5a9c17070f6a63c97a53b2', '63479ad69a090b258277ec8fba6f99419a2ffb248981510657c944ccd1148e', 1, TRUE, NULL),
    (225, 'kabir.das225', '3b612c75a7b5048a435fb6ec81e52ff92d6d795a8b5a9c17070f6a63c97a53b2', '63479ad69a090b258277ec8fba6f99419a2ffb248981510657c944ccd1148e', 1, TRUE, NULL),
    (226, 'kabir.patel226', '3b612c75a7b5048a435fb6ec81e52ff92d6d795a8b5a9c17070f6a63c97a53b2', '63479ad69a090b258277ec8fba6f99419a2ffb248981510657c944ccd1148e', 1, TRUE, NULL),
    (227, 'vihaan.sharma227', '3b612c75a7b5048a435fb6ec81e52ff92d6d795a8b5a9c17070f6a63c97a53b2', '63479ad69a090b258277ec8fba6f99419a2ffb248981510657c944ccd1148e', 1, TRUE, NULL),
    (228, 'arjun.verma228', '3b612c75a7b5048a435fb6ec81e52ff92d6d795a8b5a9c17070f6a63c97a53b2', '63479ad69a090b258277ec8fba6f99419a2ffb248981510657c944ccd1148e', 1, TRUE, NULL),
    (229, 'arjun.gupta229', '3b612c75a7b5048a435fb6ec81e52ff92d6d795a8b5a9c17070f6a63c97a53b2', '63479ad69a090b258277ec8fba6f99419a2ffb248981510657c944ccd1148e', 1, TRUE, NULL),
    (230, 'zara.gupta230', '3b612c75a7b5048a435fb6ec81e52ff92d6d795a8b5a9c17070f6a63c97a53b2', '63479ad69a090b258277ec8fba6f99419a2ffb248981510657c944ccd1148e', 1, TRUE, NULL),
    (231, 'zara.patel231', '3b612c75a7b5048a435fb6ec81e52ff92d6d795a8b5a9c17070f6a63c97a53b2', '63479ad69a090b258277ec8fba6f99419a2ffb248981510657c944ccd1148e', 1, TRUE, NULL),
    (232, 'pari.sharma232', '3b612c75a7b5048a435fb6ec81e52ff92d6d795a8b5a9c17070f6a63c97a53b2', '63479ad69a090b258277ec8fba6f99419a2ffb248981510657c944ccd1148e', 1, TRUE, NULL),
    (233, 'kabir.naidu233', '3b612c75a7b5048a435fb6ec81e52ff92d6d795a8b5a9c17070f6a63c97a53b2', '63479ad69a090b258277ec8fba6f99419a2ffb248981510657c944ccd1148e', 1, TRUE, NULL),
    (234, 'myra.ghosh234', '3b612c75a7b5048a435fb6ec81e52ff92d6d795a8b5a9c17070f6a63c97a53b2', '63479ad69a090b258277ec8fba6f99419a2ffb248981510657c944ccd1148e', 1, TRUE, NULL),
    (235, 'sai.menon235', '3b612c75a7b5048a435fb6ec81e52ff92d6d795a8b5a9c17070f6a63c97a53b2', '63479ad69a090b258277ec8fba6f99419a2ffb248981510657c944ccd1148e', 1, TRUE, NULL),
    (236, 'kabir.reddy236', '3b612c75a7b5048a435fb6ec81e52ff92d6d795a8b5a9c17070f6a63c97a53b2', '63479ad69a090b258277ec8fba6f99419a2ffb248981510657c944ccd1148e', 1, TRUE, NULL),
    (237, 'reyansh.gupta237', '3b612c75a7b5048a435fb6ec81e52ff92d6d795a8b5a9c17070f6a63c97a53b2', '63479ad69a090b258277ec8fba6f99419a2ffb248981510657c944ccd1148e', 1, TRUE, NULL),
    (238, 'aarohi.patel238', '3b612c75a7b5048a435fb6ec81e52ff92d6d795a8b5a9c17070f6a63c97a53b2', '63479ad69a090b258277ec8fba6f99419a2ffb248981510657c944ccd1148e', 1, TRUE, NULL),
    (239, 'kabir.verma239', '3b612c75a7b5048a435fb6ec81e52ff92d6d795a8b5a9c17070f6a63c97a53b2', '63479ad69a090b258277ec8fba6f99419a2ffb248981510657c944ccd1148e', 1, TRUE, NULL),
    (240, 'anika.patel240', '3b612c75a7b5048a435fb6ec81e52ff92d6d795a8b5a9c17070f6a63c97a53b2', '63479ad69a090b258277ec8fba6f99419a2ffb248981510657c944ccd1148e', 2, TRUE, NULL),
    (241, 'aadhya.patel241', '3b612c75a7b5048a435fb6ec81e52ff92d6d795a8b5a9c17070f6a63c97a53b2', '63479ad69a090b258277ec8fba6f99419a2ffb248981510657c944ccd1148e', 1, TRUE, NULL),
    (242, 'ira.menon242', '3b612c75a7b5048a435fb6ec81e52ff92d6d795a8b5a9c17070f6a63c97a53b2', '63479ad69a090b258277ec8fba6f99419a2ffb248981510657c944ccd1148e', 1, TRUE, NULL),
    (243, 'sara.singh243', '3b612c75a7b5048a435fb6ec81e52ff92d6d795a8b5a9c17070f6a63c97a53b2', '63479ad69a090b258277ec8fba6f99419a2ffb248981510657c944ccd1148e', 1, TRUE, NULL),
    (244, 'aarav.menon244', '3b612c75a7b5048a435fb6ec81e52ff92d6d795a8b5a9c17070f6a63c97a53b2', '63479ad69a090b258277ec8fba6f99419a2ffb248981510657c944ccd1148e', 1, TRUE, NULL),
    (245, 'zara.patel245', '3b612c75a7b5048a435fb6ec81e52ff92d6d795a8b5a9c17070f6a63c97a53b2', '63479ad69a090b258277ec8fba6f99419a2ffb248981510657c944ccd1148e', 1, TRUE, NULL),
    (246, 'vivaan.patel246', '3b612c75a7b5048a435fb6ec81e52ff92d6d795a8b5a9c17070f6a63c97a53b2', '63479ad69a090b258277ec8fba6f99419a2ffb248981510657c944ccd1148e', 1, TRUE, NULL),
    (247, 'zara.das247', '3b612c75a7b5048a435fb6ec81e52ff92d6d795a8b5a9c17070f6a63c97a53b2', '63479ad69a090b258277ec8fba6f99419a2ffb248981510657c944ccd1148e', 2, TRUE, NULL),
    (248, 'vihaan.verma248', '3b612c75a7b5048a435fb6ec81e52ff92d6d795a8b5a9c17070f6a63c97a53b2', '63479ad69a090b258277ec8fba6f99419a2ffb248981510657c944ccd1148e', 1, TRUE, NULL),
    (249, 'aarohi.gupta249', '3b612c75a7b5048a435fb6ec81e52ff92d6d795a8b5a9c17070f6a63c97a53b2', '63479ad69a090b258277ec8fba6f99419a2ffb248981510657c944ccd1148e', 1, TRUE, NULL),
    (250, 'anaya.menon250', '3b612c75a7b5048a435fb6ec81e52ff92d6d795a8b5a9c17070f6a63c97a53b2', '63479ad69a090b258277ec8fba6f99419a2ffb248981510657c944ccd1148e', 2, TRUE, NULL),
    (251, 'diya.iyer251', '3b612c75a7b5048a435fb6ec81e52ff92d6d795a8b5a9c17070f6a63c97a53b2', '63479ad69a090b258277ec8fba6f99419a2ffb248981510657c944ccd1148e', 1, TRUE, NULL),
    (252, 'anaya.patel252', '3b612c75a7b5048a435fb6ec81e52ff92d6d795a8b5a9c17070f6a63c97a53b2', '63479ad69a090b258277ec8fba6f99419a2ffb248981510657c944ccd1148e', 1, TRUE, NULL),
    (253, 'anaya.das253', '3b612c75a7b5048a435fb6ec81e52ff92d6d795a8b5a9c17070f6a63c97a53b2', '63479ad69a090b258277ec8fba6f99419a2ffb248981510657c944ccd1148e', 1, TRUE, NULL),
    (254, 'reyansh.iyer254', '3b612c75a7b5048a435fb6ec81e52ff92d6d795a8b5a9c17070f6a63c97a53b2', '63479ad69a090b258277ec8fba6f99419a2ffb248981510657c944ccd1148e', 1, TRUE, NULL),
    (255, 'aditya.verma255', '3b612c75a7b5048a435fb6ec81e52ff92d6d795a8b5a9c17070f6a63c97a53b2', '63479ad69a090b258277ec8fba6f99419a2ffb248981510657c944ccd1148e', 2, TRUE, NULL),
    (256, 'anika.gupta256', '3b612c75a7b5048a435fb6ec81e52ff92d6d795a8b5a9c17070f6a63c97a53b2', '63479ad69a090b258277ec8fba6f99419a2ffb248981510657c944ccd1148e', 2, TRUE, NULL),
    (257, 'reyansh.das257', '3b612c75a7b5048a435fb6ec81e52ff92d6d795a8b5a9c17070f6a63c97a53b2', '63479ad69a090b258277ec8fba6f99419a2ffb248981510657c944ccd1148e', 1, TRUE, NULL),
    (258, 'zara.reddy258', '3b612c75a7b5048a435fb6ec81e52ff92d6d795a8b5a9c17070f6a63c97a53b2', '63479ad69a090b258277ec8fba6f99419a2ffb248981510657c944ccd1148e', 1, TRUE, NULL),
    (259, 'reyansh.das259', '3b612c75a7b5048a435fb6ec81e52ff92d6d795a8b5a9c17070f6a63c97a53b2', '63479ad69a090b258277ec8fba6f99419a2ffb248981510657c944ccd1148e', 1, TRUE, NULL),
    (260, 'ira.das260', '3b612c75a7b5048a435fb6ec81e52ff92d6d795a8b5a9c17070f6a63c97a53b2', '63479ad69a090b258277ec8fba6f99419a2ffb248981510657c944ccd1148e', 1, TRUE, NULL),
    (261, 'sys.admin', '3b612c75a7b5048a435fb6ec81e52ff92d6d795a8b5a9c17070f6a63c97a53b2', '63479ad69a090b258277ec8fba6f99419a2ffb248981510657c944ccd1148e', 3, TRUE, NULL)
ON CONFLICT (username) DO UPDATE SET
    employee_id = EXCLUDED.employee_id,
    password_hash = EXCLUDED.password_hash,
    salt = EXCLUDED.salt,
    role_id = EXCLUDED.role_id,
    is_active = EXCLUDED.is_active,
    last_login = EXCLUDED.last_login;

-- Ensure the 'organization' schema exists
CREATE SCHEMA IF NOT EXISTS organization;

INSERT INTO organization.skills (skill_id, skill_name, description) VALUES
(1, 'DEV_BACKEND', 'Backend development'),
(2, 'DEV_FRONTEND', 'Frontend development'),
(3, 'QA', 'Quality engineering'),
(4, 'DBA', 'Database administration'),
(5, 'SYSADMIN', 'System administration'),
(6, 'SRE', 'Site Reliability Engineering'),
(7, 'MOBILE', 'iOS/Android Development'),
(8, 'DATA', 'Data engineering/analytics');


-- Ensure the 'organization' schema exists
CREATE SCHEMA IF NOT EXISTS organization;

INSERT INTO organization.projects (project_id, project_name, description) VALUES
(1, 'Project_1', 'Project 1 delivery'),
(2, 'Project_2', 'Project 2 delivery'),
(3, 'Project_3', 'Project 3 delivery'),
(4, 'Project_4', 'Project 4 delivery'),
(5, 'Project_5', 'Project 5 delivery'),
(6, 'Project_6', 'Project 6 delivery');


-- Ensure the 'organization' schema exists
CREATE SCHEMA IF NOT EXISTS organization;

INSERT INTO organization.employee_skills (emp_skill_id, employee_id, skill_id, proficiency_level) VALUES
(1, 1, 8, 'Beginner'),
(2, 1, 6, 'Beginner'),
(3, 1, 4, 'Beginner'),
(4, 2, 7, 'Intermediate'),
(5, 2, 2, 'Expert'),
(6, 2, 8, 'Beginner'),
(7, 3, 8, 'Intermediate'),
(8, 3, 6, 'Expert'),
(9, 4, 7, 'Expert'),
(10, 5, 4, 'Expert'),
(11, 5, 2, 'Expert'),
(12, 6, 3, 'Beginner'),
(13, 7, 3, 'Expert'),
(14, 7, 6, 'Expert'),
(15, 7, 8, 'Expert'),
(16, 8, 1, 'Beginner'),
(17, 9, 8, 'Beginner'),
(18, 9, 6, 'Beginner'),
(19, 10, 8, 'Expert'),
(20, 11, 4, 'Beginner'),
(21, 11, 2, 'Intermediate'),
(22, 11, 8, 'Expert'),
(23, 12, 4, 'Intermediate'),
(24, 12, 5, 'Intermediate'),
(25, 12, 6, 'Beginner'),
(26, 13, 3, 'Intermediate'),
(27, 13, 5, 'Expert'),
(28, 14, 1, 'Beginner'),
(29, 14, 4, 'Intermediate'),
(30, 14, 5, 'Expert'),
(31, 15, 4, 'Expert'),
(32, 16, 3, 'Beginner'),
(33, 16, 6, 'Expert'),
(34, 17, 1, 'Beginner'),
(35, 18, 3, 'Expert'),
(36, 18, 4, 'Beginner'),
(37, 18, 8, 'Beginner'),
(38, 19, 2, 'Beginner'),
(39, 19, 5, 'Intermediate'),
(40, 20, 3, 'Intermediate'),
(41, 21, 6, 'Beginner'),
(42, 22, 2, 'Beginner'),
(43, 23, 5, 'Intermediate'),
(44, 24, 5, 'Intermediate'),
(45, 24, 6, 'Beginner'),
(46, 25, 3, 'Expert'),
(47, 25, 4, 'Beginner'),
(48, 25, 5, 'Expert'),
(49, 26, 7, 'Intermediate'),
(50, 26, 3, 'Intermediate'),
(51, 27, 2, 'Intermediate'),
(52, 28, 4, 'Intermediate'),
(53, 28, 6, 'Intermediate'),
(54, 29, 8, 'Beginner'),
(55, 29, 3, 'Beginner'),
(56, 30, 7, 'Beginner'),
(57, 31, 4, 'Intermediate'),
(58, 32, 7, 'Expert'),
(59, 32, 6, 'Intermediate'),
(60, 33, 2, 'Expert'),
(61, 33, 1, 'Intermediate'),
(62, 33, 8, 'Beginner'),
(63, 34, 8, 'Intermediate'),
(64, 34, 3, 'Expert'),
(65, 34, 5, 'Beginner'),
(66, 35, 1, 'Beginner'),
(67, 36, 8, 'Expert'),
(68, 36, 4, 'Intermediate'),
(69, 37, 3, 'Intermediate'),
(70, 37, 2, 'Beginner'),
(71, 37, 1, 'Beginner'),
(72, 38, 6, 'Intermediate'),
(73, 38, 4, 'Intermediate'),
(74, 38, 1, 'Intermediate'),
(75, 39, 2, 'Intermediate'),
(76, 39, 3, 'Intermediate'),
(77, 40, 2, 'Intermediate'),
(78, 41, 4, 'Beginner'),
(79, 41, 3, 'Beginner'),
(80, 42, 3, 'Expert'),
(81, 42, 2, 'Expert'),
(82, 43, 4, 'Intermediate'),
(83, 44, 1, 'Expert'),
(84, 45, 3, 'Expert'),
(85, 45, 1, 'Beginner'),
(86, 45, 8, 'Intermediate'),
(87, 46, 3, 'Intermediate'),
(88, 47, 2, 'Expert'),
(89, 47, 1, 'Intermediate'),
(90, 47, 7, 'Intermediate'),
(91, 48, 3, 'Expert'),
(92, 49, 8, 'Intermediate'),
(93, 50, 2, 'Expert'),
(94, 50, 8, 'Beginner'),
(95, 51, 8, 'Beginner'),
(96, 51, 7, 'Beginner'),
(97, 52, 8, 'Beginner'),
(98, 53, 4, 'Intermediate'),
(99, 54, 1, 'Expert'),
(100, 54, 3, 'Intermediate'),
(101, 54, 2, 'Expert'),
(102, 55, 2, 'Beginner'),
(103, 55, 3, 'Beginner'),
(104, 56, 2, 'Intermediate'),
(105, 56, 1, 'Expert'),
(106, 57, 5, 'Expert'),
(107, 57, 6, 'Intermediate'),
(108, 58, 7, 'Beginner'),
(109, 58, 5, 'Expert'),
(110, 59, 7, 'Expert'),
(111, 59, 2, 'Beginner'),
(112, 60, 1, 'Beginner'),
(113, 60, 4, 'Expert'),
(114, 60, 3, 'Beginner'),
(115, 61, 5, 'Expert'),
(116, 61, 8, 'Expert'),
(117, 62, 4, 'Beginner'),
(118, 63, 1, 'Beginner'),
(119, 64, 7, 'Beginner'),
(120, 64, 8, 'Expert'),
(121, 65, 7, 'Beginner'),
(122, 65, 6, 'Beginner'),
(123, 65, 4, 'Expert'),
(124, 66, 8, 'Expert'),
(125, 66, 3, 'Beginner'),
(126, 67, 3, 'Expert'),
(127, 67, 1, 'Beginner'),
(128, 68, 5, 'Expert'),
(129, 69, 5, 'Intermediate'),
(130, 69, 4, 'Expert'),
(131, 70, 7, 'Beginner'),
(132, 70, 6, 'Expert'),
(133, 71, 1, 'Expert'),
(134, 71, 8, 'Expert'),
(135, 71, 6, 'Expert'),
(136, 72, 1, 'Beginner'),
(137, 73, 1, 'Beginner'),
(138, 74, 7, 'Intermediate'),
(139, 75, 1, 'Intermediate'),
(140, 75, 5, 'Intermediate'),
(141, 76, 3, 'Intermediate'),
(142, 77, 4, 'Intermediate'),
(143, 78, 5, 'Expert'),
(144, 79, 5, 'Beginner'),
(145, 79, 4, 'Expert'),
(146, 79, 8, 'Intermediate'),
(147, 80, 6, 'Beginner'),
(148, 81, 3, 'Beginner'),
(149, 82, 8, 'Beginner'),
(150, 82, 5, 'Beginner'),
(151, 82, 4, 'Expert'),
(152, 83, 1, 'Beginner'),
(153, 84, 3, 'Intermediate'),
(154, 84, 4, 'Beginner'),
(155, 84, 7, 'Expert'),
(156, 85, 8, 'Expert'),
(157, 85, 5, 'Intermediate'),
(158, 86, 4, 'Beginner'),
(159, 87, 8, 'Beginner'),
(160, 87, 4, 'Expert'),
(161, 88, 5, 'Beginner'),
(162, 88, 1, 'Beginner'),
(163, 89, 7, 'Beginner'),
(164, 89, 5, 'Beginner'),
(165, 89, 8, 'Beginner'),
(166, 90, 1, 'Expert'),
(167, 90, 5, 'Intermediate'),
(168, 91, 4, 'Beginner'),
(169, 91, 2, 'Beginner'),
(170, 92, 8, 'Expert'),
(171, 92, 7, 'Intermediate'),
(172, 92, 5, 'Beginner'),
(173, 93, 6, 'Beginner'),
(174, 93, 1, 'Beginner'),
(175, 93, 8, 'Intermediate'),
(176, 94, 8, 'Intermediate'),
(177, 94, 2, 'Intermediate'),
(178, 94, 7, 'Expert'),
(179, 95, 1, 'Intermediate'),
(180, 95, 8, 'Intermediate'),
(181, 95, 4, 'Intermediate'),
(182, 96, 7, 'Expert'),
(183, 97, 6, 'Intermediate'),
(184, 97, 1, 'Intermediate'),
(185, 97, 2, 'Beginner'),
(186, 98, 5, 'Expert'),
(187, 98, 6, 'Beginner'),
(188, 99, 4, 'Beginner'),
(189, 100, 3, 'Expert'),
(190, 101, 2, 'Beginner'),
(191, 101, 3, 'Expert'),
(192, 102, 2, 'Intermediate'),
(193, 102, 3, 'Expert'),
(194, 102, 4, 'Expert'),
(195, 103, 4, 'Intermediate'),
(196, 104, 4, 'Intermediate'),
(197, 104, 6, 'Beginner'),
(198, 105, 3, 'Expert'),
(199, 105, 7, 'Expert'),
(200, 105, 5, 'Beginner'),
(201, 106, 5, 'Intermediate'),
(202, 106, 3, 'Intermediate'),
(203, 107, 3, 'Beginner'),
(204, 107, 8, 'Expert'),
(205, 108, 4, 'Beginner'),
(206, 109, 6, 'Expert'),
(207, 109, 1, 'Expert'),
(208, 109, 7, 'Expert'),
(209, 110, 2, 'Beginner'),
(210, 110, 4, 'Intermediate'),
(211, 110, 7, 'Intermediate'),
(212, 111, 2, 'Beginner'),
(213, 111, 3, 'Expert'),
(214, 111, 5, 'Intermediate'),
(215, 112, 7, 'Expert'),
(216, 112, 4, 'Intermediate'),
(217, 112, 8, 'Intermediate'),
(218, 113, 8, 'Intermediate'),
(219, 113, 6, 'Expert'),
(220, 114, 6, 'Beginner'),
(221, 114, 5, 'Intermediate'),
(222, 114, 7, 'Beginner'),
(223, 115, 5, 'Intermediate'),
(224, 115, 4, 'Expert'),
(225, 115, 1, 'Expert'),
(226, 116, 3, 'Expert'),
(227, 116, 4, 'Intermediate'),
(228, 116, 6, 'Beginner'),
(229, 117, 6, 'Beginner'),
(230, 118, 7, 'Intermediate'),
(231, 118, 2, 'Expert'),
(232, 118, 8, 'Expert'),
(233, 119, 7, 'Beginner'),
(234, 119, 1, 'Beginner'),
(235, 120, 7, 'Intermediate'),
(236, 120, 6, 'Expert'),
(237, 120, 4, 'Beginner'),
(238, 121, 7, 'Intermediate'),
(239, 122, 8, 'Expert'),
(240, 122, 3, 'Expert'),
(241, 123, 2, 'Expert'),
(242, 124, 6, 'Beginner'),
(243, 124, 5, 'Intermediate'),
(244, 124, 1, 'Beginner'),
(245, 125, 8, 'Beginner'),
(246, 125, 5, 'Expert'),
(247, 126, 8, 'Intermediate'),
(248, 127, 7, 'Beginner'),
(249, 127, 2, 'Beginner'),
(250, 128, 8, 'Expert'),
(251, 128, 3, 'Expert'),
(252, 128, 6, 'Expert'),
(253, 129, 5, 'Expert'),
(254, 129, 8, 'Expert'),
(255, 130, 2, 'Intermediate'),
(256, 130, 7, 'Intermediate'),
(257, 130, 6, 'Intermediate'),
(258, 131, 1, 'Beginner'),
(259, 131, 6, 'Beginner'),
(260, 131, 2, 'Intermediate'),
(261, 132, 3, 'Expert'),
(262, 133, 4, 'Beginner'),
(263, 133, 5, 'Beginner'),
(264, 133, 6, 'Intermediate'),
(265, 134, 4, 'Expert'),
(266, 134, 5, 'Expert'),
(267, 134, 3, 'Expert'),
(268, 135, 5, 'Beginner'),
(269, 136, 6, 'Beginner'),
(270, 136, 5, 'Expert'),
(271, 137, 6, 'Expert'),
(272, 138, 6, 'Beginner'),
(273, 138, 1, 'Intermediate'),
(274, 138, 8, 'Expert'),
(275, 139, 8, 'Beginner'),
(276, 139, 4, 'Expert'),
(277, 140, 7, 'Expert'),
(278, 140, 5, 'Intermediate'),
(279, 141, 3, 'Expert'),
(280, 141, 1, 'Intermediate'),
(281, 142, 6, 'Expert'),
(282, 142, 7, 'Intermediate'),
(283, 142, 4, 'Expert'),
(284, 143, 6, 'Expert'),
(285, 144, 3, 'Expert'),
(286, 144, 5, 'Beginner'),
(287, 145, 4, 'Intermediate'),
(288, 145, 1, 'Expert'),
(289, 146, 4, 'Expert'),
(290, 146, 1, 'Intermediate'),
(291, 147, 1, 'Intermediate'),
(292, 148, 2, 'Beginner'),
(293, 149, 7, 'Beginner'),
(294, 149, 1, 'Intermediate'),
(295, 150, 5, 'Expert'),
(296, 150, 1, 'Beginner'),
(297, 151, 8, 'Expert'),
(298, 151, 6, 'Expert'),
(299, 152, 7, 'Intermediate'),
(300, 153, 3, 'Beginner'),
(301, 153, 8, 'Intermediate'),
(302, 153, 4, 'Expert'),
(303, 154, 1, 'Intermediate'),
(304, 154, 5, 'Expert'),
(305, 154, 6, 'Intermediate'),
(306, 155, 2, 'Expert'),
(307, 155, 1, 'Beginner'),
(308, 155, 3, 'Expert'),
(309, 156, 5, 'Intermediate'),
(310, 156, 7, 'Expert'),
(311, 157, 1, 'Beginner'),
(312, 157, 3, 'Expert'),
(313, 157, 6, 'Expert'),
(314, 158, 5, 'Beginner'),
(315, 158, 4, 'Intermediate'),
(316, 159, 5, 'Beginner'),
(317, 159, 6, 'Intermediate'),
(318, 159, 3, 'Beginner'),
(319, 160, 8, 'Beginner'),
(320, 160, 1, 'Beginner'),
(321, 160, 6, 'Intermediate'),
(322, 161, 1, 'Expert'),
(323, 161, 8, 'Intermediate'),
(324, 162, 6, 'Expert'),
(325, 163, 4, 'Beginner'),
(326, 163, 3, 'Beginner'),
(327, 163, 5, 'Intermediate'),
(328, 164, 8, 'Intermediate'),
(329, 165, 7, 'Intermediate'),
(330, 165, 6, 'Beginner'),
(331, 166, 1, 'Beginner'),
(332, 166, 5, 'Expert'),
(333, 167, 2, 'Intermediate'),
(334, 167, 8, 'Intermediate'),
(335, 167, 1, 'Expert'),
(336, 168, 2, 'Intermediate'),
(337, 169, 8, 'Beginner'),
(338, 169, 2, 'Intermediate'),
(339, 170, 6, 'Intermediate'),
(340, 170, 3, 'Beginner'),
(341, 171, 5, 'Beginner'),
(342, 172, 4, 'Intermediate'),
(343, 172, 5, 'Expert'),
(344, 172, 7, 'Expert'),
(345, 173, 5, 'Expert'),
(346, 173, 6, 'Beginner'),
(347, 173, 2, 'Expert'),
(348, 174, 4, 'Beginner'),
(349, 174, 5, 'Intermediate'),
(350, 175, 7, 'Expert'),
(351, 176, 2, 'Beginner'),
(352, 176, 1, 'Beginner'),
(353, 176, 6, 'Intermediate'),
(354, 177, 8, 'Intermediate'),
(355, 177, 3, 'Intermediate'),
(356, 177, 5, 'Expert'),
(357, 178, 4, 'Intermediate'),
(358, 178, 5, 'Beginner'),
(359, 179, 2, 'Expert'),
(360, 180, 3, 'Expert'),
(361, 181, 6, 'Intermediate'),
(362, 181, 3, 'Beginner'),
(363, 182, 3, 'Expert'),
(364, 182, 5, 'Beginner'),
(365, 183, 6, 'Beginner'),
(366, 183, 7, 'Intermediate'),
(367, 184, 7, 'Beginner'),
(368, 184, 2, 'Expert'),
(369, 185, 8, 'Expert'),
(370, 185, 2, 'Expert'),
(371, 186, 3, 'Intermediate'),
(372, 186, 6, 'Expert'),
(373, 186, 8, 'Beginner'),
(374, 187, 2, 'Expert'),
(375, 188, 5, 'Expert'),
(376, 188, 8, 'Beginner'),
(377, 188, 4, 'Intermediate'),
(378, 189, 2, 'Beginner'),
(379, 189, 5, 'Expert'),
(380, 189, 1, 'Intermediate'),
(381, 190, 6, 'Intermediate'),
(382, 190, 3, 'Expert'),
(383, 190, 5, 'Expert'),
(384, 191, 4, 'Intermediate'),
(385, 191, 2, 'Intermediate'),
(386, 191, 7, 'Beginner'),
(387, 192, 7, 'Expert'),
(388, 193, 3, 'Expert'),
(389, 194, 8, 'Beginner'),
(390, 194, 4, 'Intermediate'),
(391, 195, 1, 'Intermediate'),
(392, 196, 3, 'Beginner'),
(393, 197, 6, 'Intermediate'),
(394, 197, 2, 'Expert'),
(395, 197, 3, 'Intermediate'),
(396, 198, 5, 'Intermediate'),
(397, 199, 2, 'Intermediate'),
(398, 199, 6, 'Expert'),
(399, 199, 5, 'Beginner'),
(400, 200, 5, 'Beginner'),
(401, 201, 5, 'Expert'),
(402, 202, 2, 'Intermediate'),
(403, 202, 7, 'Intermediate'),
(404, 202, 4, 'Beginner'),
(405, 203, 2, 'Intermediate'),
(406, 203, 5, 'Intermediate'),
(407, 204, 3, 'Beginner'),
(408, 204, 4, 'Intermediate'),
(409, 204, 2, 'Beginner'),
(410, 205, 4, 'Intermediate'),
(411, 205, 6, 'Beginner'),
(412, 205, 2, 'Intermediate'),
(413, 206, 1, 'Expert'),
(414, 207, 5, 'Expert'),
(415, 207, 8, 'Beginner'),
(416, 208, 7, 'Beginner'),
(417, 209, 1, 'Expert'),
(418, 210, 4, 'Intermediate'),
(419, 211, 1, 'Beginner'),
(420, 212, 4, 'Expert'),
(421, 212, 8, 'Beginner'),
(422, 213, 2, 'Expert'),
(423, 213, 8, 'Beginner'),
(424, 214, 6, 'Beginner'),
(425, 214, 2, 'Expert'),
(426, 215, 3, 'Intermediate'),
(427, 216, 7, 'Intermediate'),
(428, 216, 8, 'Beginner'),
(429, 217, 1, 'Beginner'),
(430, 218, 8, 'Beginner'),
(431, 219, 5, 'Expert'),
(432, 219, 1, 'Expert'),
(433, 219, 3, 'Beginner'),
(434, 220, 1, 'Expert'),
(435, 220, 3, 'Expert'),
(436, 220, 6, 'Intermediate'),
(437, 221, 7, 'Beginner'),
(438, 222, 5, 'Intermediate'),
(439, 223, 8, 'Intermediate'),
(440, 223, 1, 'Beginner'),
(441, 224, 5, 'Expert'),
(442, 225, 5, 'Beginner'),
(443, 225, 6, 'Beginner'),
(444, 225, 4, 'Intermediate'),
(445, 226, 3, 'Expert'),
(446, 227, 7, 'Intermediate'),
(447, 228, 3, 'Expert'),
(448, 228, 1, 'Beginner'),
(449, 229, 4, 'Intermediate'),
(450, 230, 7, 'Expert'),
(451, 230, 6, 'Intermediate'),
(452, 230, 3, 'Intermediate'),
(453, 231, 1, 'Expert'),
(454, 231, 2, 'Beginner'),
(455, 231, 8, 'Expert'),
(456, 232, 8, 'Beginner'),
(457, 232, 1, 'Expert'),
(458, 233, 2, 'Expert'),
(459, 234, 6, 'Intermediate'),
(460, 234, 3, 'Expert'),
(461, 235, 5, 'Beginner'),
(462, 235, 4, 'Intermediate'),
(463, 235, 7, 'Beginner'),
(464, 236, 5, 'Expert'),
(465, 236, 3, 'Expert'),
(466, 237, 6, 'Expert'),
(467, 238, 8, 'Beginner'),
(468, 238, 2, 'Beginner'),
(469, 238, 4, 'Beginner'),
(470, 239, 3, 'Expert'),
(471, 239, 7, 'Expert'),
(472, 239, 6, 'Beginner'),
(473, 240, 1, 'Expert'),
(474, 241, 1, 'Intermediate'),
(475, 242, 2, 'Beginner'),
(476, 242, 3, 'Beginner'),
(477, 243, 5, 'Beginner'),
(478, 243, 2, 'Intermediate'),
(479, 244, 5, 'Beginner'),
(480, 245, 4, 'Expert'),
(481, 245, 2, 'Beginner'),
(482, 246, 7, 'Intermediate'),
(483, 246, 6, 'Beginner'),
(484, 247, 8, 'Expert'),
(485, 247, 7, 'Intermediate'),
(486, 248, 6, 'Beginner'),
(487, 249, 3, 'Expert'),
(488, 249, 1, 'Beginner'),
(489, 250, 2, 'Beginner'),
(490, 250, 1, 'Expert'),
(491, 251, 6, 'Intermediate'),
(492, 251, 7, 'Beginner'),
(493, 252, 5, 'Beginner'),
(494, 253, 5, 'Intermediate'),
(495, 253, 6, 'Expert'),
(496, 254, 5, 'Expert'),
(497, 255, 7, 'Intermediate'),
(498, 255, 3, 'Intermediate'),
(499, 256, 3, 'Expert'),
(500, 256, 7, 'Expert'),
(501, 256, 6, 'Beginner'),
(502, 257, 6, 'Beginner'),
(503, 257, 7, 'Expert'),
(504, 258, 7, 'Expert'),
(505, 258, 6, 'Beginner'),
(506, 259, 5, 'Intermediate'),
(507, 259, 1, 'Expert'),
(508, 259, 4, 'Intermediate'),
(509, 260, 4, 'Beginner'),
(510, 260, 8, 'Intermediate'),
(511, 261, 6, 'Expert'),
(512, 261, 4, 'Beginner'),
(513, 261, 1, 'Expert');

-- Ensure the 'organization' schema exists
CREATE SCHEMA IF NOT EXISTS organization;

INSERT INTO organization.manager_projects (manager_project_id, manager_id, project_id) VALUES
(1, 12, 1),
(2, 17, 5),
(3, 17, 1),
(4, 53, 4),
(5, 53, 1),
(6, 65, 2),
(7, 107, 5),
(8, 123, 3),
(9, 141, 5),
(10, 155, 6),
(11, 155, 1),
(12, 167, 2),
(13, 178, 2),
(14, 178, 1),
(15, 214, 1),
(16, 220, 3),
(17, 223, 3),
(18, 223, 6),
(19, 240, 4),
(20, 240, 2),
(21, 247, 2),
(22, 250, 4),
(23, 255, 6),
(24, 256, 5);

-- Ensure the 'approvals' schema exists
CREATE SCHEMA IF NOT EXISTS approvals;

INSERT INTO approvals.leave_types (leave_type_id, leave_name, description, max_days_per_year) VALUES
(1, 'Casual', 'Short casual leave', 12),
(2, 'Sick', 'Medical leave', 10),
(3, 'Earned', 'Planned vacation', 18),
(4, 'Long', 'Extended absence', 30),
(5, 'Emergency', 'Unplanned emergency', 7),
(6, 'CompOff', 'Compensatory off', 8);

-- Ensure the 'approvals' schema exists
CREATE SCHEMA IF NOT EXISTS approvals;

INSERT INTO approvals.leave_requests (leave_id, employee_id, leave_type_id, from_date, to_date, status, approval_date, approver_id) VALUES
(1, 1, 5, '2023-02-26', '2023-03-03', 'Pending', '2023-02-25', 141),
(2, 1, 4, '2023-04-03', '2023-04-06', 'Pending', '2023-04-02', 141),
(3, 1, 5, '2024-10-29', '2024-10-30', 'Pending', '2024-10-28', 240),
(4, 1, 1, '2024-07-21', '2024-07-28', 'Approved', '2024-07-20', 255),
(5, 1, 6, '2023-02-19', '2023-02-22', 'Approved', '2023-02-18', 107),
(6, 1, 4, '2023-09-17', '2023-09-20', 'Approved', '2023-09-16', 256),
(7, 1, 3, '2023-08-09', '2023-08-10', 'Approved', '2023-08-08', 214),
(8, 1, 2, '2024-06-10', '2024-06-13', 'Approved', '2024-06-09', 65),
(9, 2, 6, '2023-07-23', '2023-07-25', 'Pending', '2023-07-22', 53),
(10, 2, 5, '2024-11-25', '2024-12-02', 'Pending', '2024-11-24', 141),
(11, 2, 5, '2024-10-06', '2024-10-09', 'Approved', '2024-10-05', 178),
(12, 2, 4, '2023-04-28', '2023-04-30', 'Pending', '2023-04-27', 240),
(13, 3, 2, '2023-09-08', '2023-09-15', 'Approved', '2023-09-07', 123),
(14, 3, 6, '2023-05-03', '2023-05-08', 'Denied', '2023-05-02', 17),
(15, 3, 6, '2024-10-22', '2024-10-25', 'Pending', '2024-10-21', 214),
(16, 3, 1, '2023-07-22', '2023-07-23', 'Approved', '2023-07-21', 12),
(17, 3, 1, '2024-05-12', '2024-05-17', 'Approved', '2024-05-11', 12),
(18, 3, 1, '2024-05-15', '2024-05-22', 'Denied', '2024-05-14', 250),
(19, 4, 6, '2024-03-24', '2024-03-29', 'Pending', '2024-03-23', 255),
(20, 4, 1, '2023-05-24', '2023-05-29', 'Approved', '2023-05-23', 255),
(21, 4, 4, '2024-01-26', '2024-01-31', 'Pending', '2024-01-25', 12),
(22, 4, 3, '2024-02-05', '2024-02-12', 'Approved', '2024-02-04', 17),
(23, 4, 3, '2023-05-24', '2023-05-26', 'Approved', '2023-05-23', 250),
(24, 4, 6, '2024-07-09', '2024-07-11', 'Approved', '2024-07-08', 155),
(25, 4, 6, '2023-04-11', '2023-04-12', 'Pending', '2023-04-10', 12),
(26, 4, 1, '2023-12-11', '2023-12-12', 'Approved', '2023-12-10', 178),
(27, 5, 4, '2023-11-25', '2023-11-30', 'Approved', '2023-11-24', 107),
(28, 5, 6, '2024-04-08', '2024-04-10', 'Approved', '2024-04-07', 250),
(29, 5, 3, '2024-04-25', '2024-04-26', 'Denied', '2024-04-24', 178),
(30, 5, 1, '2023-03-29', '2023-03-30', 'Approved', '2023-03-28', 214),
(31, 5, 1, '2023-09-07', '2023-09-08', 'Approved', '2023-09-06', 247),
(32, 5, 5, '2024-12-04', '2024-12-07', 'Approved', '2024-12-03', 141),
(33, 5, 3, '2023-10-14', '2023-10-17', 'Approved', '2023-10-13', 12),
(34, 5, 4, '2024-03-31', '2024-04-02', 'Approved', '2024-03-30', 250),
(35, 6, 3, '2023-05-12', '2023-05-17', 'Pending', '2023-05-11', 214),
(36, 6, 5, '2024-09-30', '2024-10-02', 'Pending', '2024-09-29', 107),
(37, 6, 3, '2024-05-31', '2024-06-07', 'Denied', '2024-05-30', 12),
(38, 6, 4, '2023-06-15', '2023-06-16', 'Denied', '2023-06-14', 250),
(39, 6, 4, '2023-07-25', '2023-07-26', 'Pending', '2023-07-24', 247),
(40, 6, 5, '2023-12-31', '2024-01-01', 'Denied', '2023-12-30', 167),
(41, 6, 3, '2023-10-25', '2023-11-01', 'Approved', '2023-10-24', 240),
(42, 6, 4, '2024-04-27', '2024-05-02', 'Denied', '2024-04-26', 167),
(43, 7, 3, '2023-05-25', '2023-05-30', 'Approved', '2023-05-24', 167),
(44, 7, 4, '2024-08-15', '2024-08-18', 'Pending', '2024-08-14', 155),
(45, 7, 2, '2024-08-29', '2024-09-03', 'Pending', '2024-08-28', 255),
(46, 7, 5, '2023-06-29', '2023-07-04', 'Pending', '2023-06-28', 178),
(47, 7, 5, '2024-06-18', '2024-06-21', 'Pending', '2024-06-17', 255),
(48, 8, 1, '2023-05-08', '2023-05-09', 'Pending', '2023-05-07', 220),
(49, 8, 3, '2024-06-24', '2024-06-27', 'Denied', '2024-06-23', 53),
(50, 8, 1, '2024-05-15', '2024-05-22', 'Approved', '2024-05-14', 247),
(51, 8, 3, '2023-05-24', '2023-05-26', 'Pending', '2023-05-23', 250),
(52, 8, 6, '2024-11-20', '2024-11-22', 'Denied', '2024-11-19', 178),
(53, 8, 2, '2024-04-04', '2024-04-07', 'Approved', '2024-04-03', 12),
(54, 8, 4, '2024-06-30', '2024-07-03', 'Denied', '2024-06-29', 107),
(55, 9, 6, '2023-07-28', '2023-08-02', 'Approved', '2023-07-27', 53),
(56, 9, 4, '2023-05-19', '2023-05-26', 'Approved', '2023-05-18', 220),
(57, 9, 4, '2023-08-03', '2023-08-05', 'Pending', '2023-08-02', 53),
(58, 9, 1, '2024-03-19', '2024-03-21', 'Approved', '2024-03-18', 155),
(59, 9, 5, '2023-02-05', '2023-02-06', 'Approved', '2023-02-04', 141),
(60, 10, 6, '2023-02-23', '2023-02-24', 'Approved', '2023-02-22', 256),
(61, 10, 3, '2023-05-21', '2023-05-22', 'Approved', '2023-05-20', 167),
(62, 10, 2, '2023-01-01', '2023-01-08', 'Approved', '2022-12-31', 123),
(63, 10, 2, '2023-11-10', '2023-11-17', 'Approved', '2023-11-09', 256),
(64, 11, 2, '2023-03-26', '2023-03-31', 'Approved', '2023-03-25', 178),
(65, 11, 5, '2024-11-16', '2024-11-19', 'Approved', '2024-11-15', 123),
(66, 11, 1, '2023-06-28', '2023-07-01', 'Approved', '2023-06-27', 178),
(67, 11, 5, '2023-03-12', '2023-03-13', 'Pending', '2023-03-11', 178),
(68, 12, 1, '2023-12-04', '2023-12-11', 'Denied', '2023-12-03', 247),
(69, 12, 3, '2023-11-20', '2023-11-27', 'Pending', '2023-11-19', 220),
(70, 12, 6, '2024-02-23', '2024-02-25', 'Denied', '2024-02-22', 178),
(71, 12, 6, '2024-07-05', '2024-07-12', 'Pending', '2024-07-04', 141),
(72, 12, 5, '2024-01-13', '2024-01-18', 'Approved', '2024-01-12', 167),
(73, 12, 4, '2023-02-06', '2023-02-08', 'Pending', '2023-02-05', 107),
(74, 12, 3, '2024-08-05', '2024-08-10', 'Denied', '2024-08-04', 65),
(75, 13, 2, '2023-04-29', '2023-05-02', 'Approved', '2023-04-28', 167),
(76, 13, 5, '2024-11-30', '2024-12-05', 'Approved', '2024-11-29', 123),
(77, 13, 2, '2024-11-29', '2024-12-04', 'Pending', '2024-11-28', 141),
(78, 13, 3, '2024-10-03', '2024-10-08', 'Pending', '2024-10-02', 167),
(79, 13, 3, '2023-06-11', '2023-06-18', 'Approved', '2023-06-10', 123),
(80, 13, 3, '2023-12-12', '2023-12-13', 'Approved', '2023-12-11', 220),
(81, 14, 1, '2024-11-20', '2024-11-27', 'Approved', '2024-11-19', 250),
(82, 14, 6, '2024-02-04', '2024-02-05', 'Denied', '2024-02-03', 256),
(83, 14, 4, '2023-12-21', '2023-12-23', 'Approved', '2023-12-20', 247),
(84, 14, 1, '2023-06-19', '2023-06-26', 'Denied', '2023-06-18', 12),
(85, 14, 1, '2023-12-01', '2023-12-02', 'Approved', '2023-11-30', 141),
(86, 14, 2, '2023-07-12', '2023-07-15', 'Pending', '2023-07-11', 247),
(87, 14, 1, '2023-10-21', '2023-10-26', 'Pending', '2023-10-20', 255),
(88, 15, 1, '2023-01-10', '2023-01-15', 'Pending', '2023-01-09', 123),
(89, 15, 4, '2023-02-28', '2023-03-02', 'Approved', '2023-02-27', 220),
(90, 15, 2, '2023-08-27', '2023-09-03', 'Denied', '2023-08-26', 250),
(91, 15, 4, '2023-10-10', '2023-10-15', 'Approved', '2023-10-09', 247),
(92, 15, 6, '2024-09-05', '2024-09-08', 'Approved', '2024-09-04', 220),
(93, 15, 5, '2024-11-12', '2024-11-14', 'Denied', '2024-11-11', 214),
(94, 16, 1, '2023-05-21', '2023-05-24', 'Pending', '2023-05-20', 178),
(95, 16, 4, '2024-02-24', '2024-02-29', 'Denied', '2024-02-23', 220),
(96, 16, 5, '2023-05-08', '2023-05-15', 'Denied', '2023-05-07', 178),
(97, 16, 1, '2024-04-09', '2024-04-12', 'Approved', '2024-04-08', 256),
(98, 16, 6, '2023-01-25', '2023-01-30', 'Approved', '2023-01-24', 256),
(99, 16, 5, '2024-04-23', '2024-04-24', 'Approved', '2024-04-22', 220),
(100, 16, 6, '2023-11-10', '2023-11-17', 'Denied', '2023-11-09', 178),
(101, 17, 3, '2023-01-29', '2023-01-30', 'Pending', '2023-01-28', 255),
(102, 17, 2, '2024-08-19', '2024-08-22', 'Denied', '2024-08-18', 107),
(103, 17, 6, '2023-10-05', '2023-10-12', 'Approved', '2023-10-04', 255),
(104, 17, 1, '2024-05-28', '2024-05-31', 'Approved', '2024-05-27', 214),
(105, 17, 1, '2023-08-18', '2023-08-20', 'Approved', '2023-08-17', 256),
(106, 17, 3, '2023-11-25', '2023-11-27', 'Pending', '2023-11-24', 53),
(107, 18, 3, '2023-11-14', '2023-11-16', 'Pending', '2023-11-13', 255),
(108, 18, 5, '2024-01-18', '2024-01-20', 'Approved', '2024-01-17', 65),
(109, 18, 3, '2024-05-09', '2024-05-14', 'Approved', '2024-05-08', 155),
(110, 18, 4, '2023-09-12', '2023-09-17', 'Approved', '2023-09-11', 167),
(111, 18, 6, '2024-01-14', '2024-01-21', 'Pending', '2024-01-13', 141),
(112, 18, 5, '2024-06-02', '2024-06-04', 'Denied', '2024-06-01', 250),
(113, 18, 2, '2023-04-09', '2023-04-14', 'Denied', '2023-04-08', 65),
(114, 19, 4, '2024-08-19', '2024-08-26', 'Pending', '2024-08-18', 12),
(115, 19, 1, '2023-10-16', '2023-10-23', 'Approved', '2023-10-15', 223),
(116, 19, 4, '2024-05-04', '2024-05-07', 'Denied', '2024-05-03', 12),
(117, 19, 4, '2024-07-01', '2024-07-03', 'Pending', '2024-06-30', 141),
(118, 19, 6, '2024-10-04', '2024-10-09', 'Approved', '2024-10-03', 155),
(119, 19, 3, '2024-07-06', '2024-07-09', 'Approved', '2024-07-05', 223),
(120, 19, 6, '2024-01-27', '2024-02-03', 'Approved', '2024-01-26', 167),
(121, 20, 6, '2024-04-01', '2024-04-08', 'Approved', '2024-03-31', 223),
(122, 20, 2, '2023-10-25', '2023-10-30', 'Pending', '2023-10-24', 107),
(123, 20, 4, '2024-02-21', '2024-02-28', 'Denied', '2024-02-20', 240),
(124, 20, 1, '2023-01-23', '2023-01-28', 'Approved', '2023-01-22', 65),
(125, 20, 1, '2024-10-14', '2024-10-16', 'Approved', '2024-10-13', 65),
(126, 20, 6, '2024-07-02', '2024-07-07', 'Approved', '2024-07-01', 123),
(127, 20, 3, '2024-05-03', '2024-05-10', 'Pending', '2024-05-02', 223),
(128, 21, 1, '2023-08-12', '2023-08-19', 'Pending', '2023-08-11', 167),
(129, 21, 4, '2024-10-27', '2024-10-29', 'Approved', '2024-10-26', 255),
(130, 21, 4, '2024-02-07', '2024-02-14', 'Denied', '2024-02-06', 65),
(131, 21, 5, '2023-10-17', '2023-10-18', 'Pending', '2023-10-16', 123),
(132, 21, 3, '2024-11-27', '2024-11-28', 'Approved', '2024-11-26', 214),
(133, 22, 3, '2023-09-15', '2023-09-16', 'Denied', '2023-09-14', 240),
(134, 22, 1, '2024-08-11', '2024-08-14', 'Pending', '2024-08-10', 53),
(135, 22, 2, '2023-02-26', '2023-03-01', 'Approved', '2023-02-25', 178),
(136, 22, 3, '2023-10-19', '2023-10-21', 'Denied', '2023-10-18', 214),
(137, 23, 3, '2023-07-06', '2023-07-09', 'Approved', '2023-07-05', 141),
(138, 23, 4, '2024-10-30', '2024-11-04', 'Pending', '2024-10-29', 256),
(139, 23, 5, '2023-05-31', '2023-06-05', 'Denied', '2023-05-30', 223),
(140, 23, 3, '2024-04-29', '2024-05-06', 'Pending', '2024-04-28', 53),
(141, 23, 4, '2024-11-21', '2024-11-26', 'Approved', '2024-11-20', 256),
(142, 23, 2, '2024-04-15', '2024-04-16', 'Pending', '2024-04-14', 250),
(143, 24, 6, '2023-01-28', '2023-01-30', 'Denied', '2023-01-27', 107),
(144, 24, 2, '2023-01-05', '2023-01-12', 'Pending', '2023-01-04', 141),
(145, 24, 1, '2023-07-26', '2023-07-29', 'Approved', '2023-07-25', 155),
(146, 24, 4, '2023-06-27', '2023-06-29', 'Approved', '2023-06-26', 223),
(147, 24, 2, '2023-05-06', '2023-05-13', 'Approved', '2023-05-05', 255),
(148, 24, 1, '2023-12-12', '2023-12-19', 'Denied', '2023-12-11', 178),
(149, 24, 2, '2024-10-17', '2024-10-18', 'Approved', '2024-10-16', 167),
(150, 24, 2, '2024-02-04', '2024-02-09', 'Pending', '2024-02-03', 250),
(151, 25, 4, '2024-06-22', '2024-06-25', 'Denied', '2024-06-21', 255),
(152, 25, 3, '2024-12-13', '2024-12-18', 'Approved', '2024-12-12', 141),
(153, 25, 2, '2024-12-02', '2024-12-07', 'Approved', '2024-12-01', 223),
(154, 25, 1, '2024-02-29', '2024-03-03', 'Denied', '2024-02-28', 12),
(155, 25, 2, '2024-03-20', '2024-03-25', 'Approved', '2024-03-19', 141),
(156, 26, 5, '2023-06-19', '2023-06-26', 'Approved', '2023-06-18', 65),
(157, 26, 6, '2023-12-16', '2023-12-23', 'Pending', '2023-12-15', 223),
(158, 26, 1, '2023-02-15', '2023-02-17', 'Approved', '2023-02-14', 220),
(159, 26, 6, '2024-08-20', '2024-08-22', 'Denied', '2024-08-19', 53),
(160, 26, 2, '2023-02-21', '2023-02-28', 'Approved', '2023-02-20', 53),
(161, 26, 1, '2023-12-27', '2023-12-29', 'Pending', '2023-12-26', 240),
(162, 26, 6, '2023-12-28', '2023-12-30', 'Denied', '2023-12-27', 247),
(163, 26, 4, '2024-03-13', '2024-03-16', 'Approved', '2024-03-12', 141),
(164, 27, 4, '2024-09-27', '2024-10-04', 'Approved', '2024-09-26', 240),
(165, 27, 6, '2024-02-14', '2024-02-19', 'Approved', '2024-02-13', 155),
(166, 27, 1, '2023-01-15', '2023-01-18', 'Denied', '2023-01-14', 53),
(167, 27, 6, '2024-08-07', '2024-08-10', 'Approved', '2024-08-06', 107),
(168, 27, 3, '2023-06-23', '2023-06-30', 'Approved', '2023-06-22', 123),
(169, 28, 3, '2023-01-03', '2023-01-06', 'Approved', '2023-01-02', 53),
(170, 28, 2, '2023-12-31', '2024-01-01', 'Pending', '2023-12-30', 53),
(171, 28, 3, '2023-03-10', '2023-03-13', 'Approved', '2023-03-09', 240),
(172, 28, 5, '2023-09-22', '2023-09-23', 'Pending', '2023-09-21', 178),
(173, 28, 4, '2024-09-09', '2024-09-10', 'Approved', '2024-09-08', 255),
(174, 28, 2, '2024-06-04', '2024-06-06', 'Approved', '2024-06-03', 223),
(175, 28, 3, '2023-02-24', '2023-02-26', 'Denied', '2023-02-23', 256),
(176, 29, 6, '2023-07-26', '2023-07-28', 'Denied', '2023-07-25', 220),
(177, 29, 5, '2023-03-30', '2023-04-04', 'Approved', '2023-03-29', 250),
(178, 29, 6, '2024-01-27', '2024-01-30', 'Approved', '2024-01-26', 214),
(179, 29, 2, '2023-05-10', '2023-05-15', 'Pending', '2023-05-09', 53),
(180, 29, 3, '2023-08-23', '2023-08-30', 'Approved', '2023-08-22', 250),
(181, 30, 1, '2023-09-30', '2023-10-03', 'Approved', '2023-09-29', 214),
(182, 30, 4, '2023-09-02', '2023-09-05', 'Approved', '2023-09-01', 247),
(183, 30, 6, '2023-12-17', '2023-12-20', 'Approved', '2023-12-16', 255),
(184, 30, 5, '2023-04-14', '2023-04-15', 'Denied', '2023-04-13', 223),
(185, 31, 4, '2024-03-30', '2024-03-31', 'Pending', '2024-03-29', 167),
(186, 31, 6, '2024-01-25', '2024-02-01', 'Approved', '2024-01-24', 178),
(187, 31, 6, '2023-03-12', '2023-03-13', 'Approved', '2023-03-11', 214),
(188, 31, 4, '2024-06-11', '2024-06-12', 'Approved', '2024-06-10', 107),
(189, 31, 3, '2024-05-25', '2024-06-01', 'Denied', '2024-05-24', 17),
(190, 31, 1, '2024-04-16', '2024-04-21', 'Pending', '2024-04-15', 107),
(191, 32, 4, '2023-06-14', '2023-06-15', 'Denied', '2023-06-13', 250),
(192, 32, 1, '2023-03-26', '2023-03-31', 'Approved', '2023-03-25', 167),
(193, 32, 6, '2023-06-23', '2023-06-26', 'Pending', '2023-06-22', 255),
(194, 32, 3, '2024-01-27', '2024-01-28', 'Denied', '2024-01-26', 223),
(195, 33, 1, '2023-10-29', '2023-10-31', 'Pending', '2023-10-28', 178),
(196, 33, 1, '2024-05-20', '2024-05-25', 'Approved', '2024-05-19', 247),
(197, 33, 6, '2023-07-04', '2023-07-09', 'Pending', '2023-07-03', 250),
(198, 33, 6, '2023-02-03', '2023-02-04', 'Pending', '2023-02-02', 65),
(199, 33, 5, '2024-11-07', '2024-11-08', 'Pending', '2024-11-06', 141),
(200, 33, 5, '2023-01-31', '2023-02-02', 'Approved', '2023-01-30', 53),
(201, 33, 1, '2023-09-11', '2023-09-16', 'Approved', '2023-09-10', 167),
(202, 34, 5, '2024-11-25', '2024-11-28', 'Denied', '2024-11-24', 255),
(203, 34, 6, '2024-02-05', '2024-02-10', 'Approved', '2024-02-04', 256),
(204, 34, 5, '2024-04-06', '2024-04-11', 'Approved', '2024-04-05', 65),
(205, 34, 1, '2023-12-02', '2023-12-03', 'Approved', '2023-12-01', 107),
(206, 34, 2, '2024-06-22', '2024-06-23', 'Denied', '2024-06-21', 256),
(207, 34, 5, '2024-05-02', '2024-05-09', 'Denied', '2024-05-01', 250),
(208, 34, 6, '2023-12-12', '2023-12-13', 'Approved', '2023-12-11', 107),
(209, 34, 6, '2024-03-29', '2024-03-31', 'Approved', '2024-03-28', 65),
(210, 35, 1, '2024-02-25', '2024-02-27', 'Approved', '2024-02-24', 214),
(211, 35, 5, '2023-01-07', '2023-01-14', 'Pending', '2023-01-06', 107),
(212, 35, 1, '2024-04-10', '2024-04-12', 'Approved', '2024-04-09', 255),
(213, 35, 6, '2024-10-07', '2024-10-12', 'Denied', '2024-10-06', 12),
(214, 35, 3, '2023-04-04', '2023-04-06', 'Pending', '2023-04-03', 53),
(215, 35, 1, '2024-01-21', '2024-01-23', 'Pending', '2024-01-20', 107),
(216, 35, 5, '2024-12-24', '2024-12-31', 'Pending', '2024-12-23', 240),
(217, 35, 2, '2023-07-07', '2023-07-08', 'Approved', '2023-07-06', 256),
(218, 36, 3, '2024-12-07', '2024-12-08', 'Approved', '2024-12-06', 65),
(219, 36, 4, '2023-05-09', '2023-05-12', 'Pending', '2023-05-08', 247),
(220, 36, 1, '2024-02-01', '2024-02-08', 'Pending', '2024-01-31', 220),
(221, 36, 2, '2023-08-30', '2023-09-06', 'Pending', '2023-08-29', 178),
(222, 36, 5, '2024-06-30', '2024-07-07', 'Pending', '2024-06-29', 178),
(223, 36, 3, '2023-08-17', '2023-08-18', 'Pending', '2023-08-16', 123),
(224, 36, 3, '2023-10-02', '2023-10-09', 'Approved', '2023-10-01', 256),
(225, 36, 5, '2023-11-06', '2023-11-08', 'Approved', '2023-11-05', 178),
(226, 37, 2, '2023-01-14', '2023-01-17', 'Approved', '2023-01-13', 155),
(227, 37, 6, '2023-07-06', '2023-07-09', 'Denied', '2023-07-05', 256),
(228, 37, 5, '2024-04-10', '2024-04-11', 'Approved', '2024-04-09', 141),
(229, 37, 4, '2024-09-20', '2024-09-27', 'Denied', '2024-09-19', 107),
(230, 37, 1, '2024-12-24', '2024-12-27', 'Denied', '2024-12-23', 123),
(231, 37, 2, '2023-08-13', '2023-08-15', 'Approved', '2023-08-12', 223),
(232, 38, 2, '2024-01-12', '2024-01-19', 'Approved', '2024-01-11', 214),
(233, 38, 1, '2023-08-25', '2023-08-30', 'Approved', '2023-08-24', 240),
(234, 38, 3, '2023-08-05', '2023-08-06', 'Denied', '2023-08-04', 223),
(235, 38, 4, '2024-08-13', '2024-08-14', 'Approved', '2024-08-12', 107),
(236, 39, 1, '2024-08-28', '2024-09-02', 'Approved', '2024-08-27', 123),
(237, 39, 3, '2023-10-09', '2023-10-16', 'Approved', '2023-10-08', 155),
(238, 39, 1, '2023-01-18', '2023-01-19', 'Denied', '2023-01-17', 141),
(239, 39, 4, '2023-12-16', '2023-12-19', 'Approved', '2023-12-15', 17),
(240, 39, 5, '2023-02-06', '2023-02-11', 'Approved', '2023-02-05', 178),
(241, 40, 5, '2024-04-20', '2024-04-25', 'Denied', '2024-04-19', 17),
(242, 40, 6, '2023-08-31', '2023-09-02', 'Approved', '2023-08-30', 223),
(243, 40, 4, '2023-11-18', '2023-11-19', 'Approved', '2023-11-17', 17),
(244, 40, 5, '2023-09-10', '2023-09-13', 'Approved', '2023-09-09', 17),
(245, 40, 6, '2024-11-10', '2024-11-11', 'Approved', '2024-11-09', 178),
(246, 40, 1, '2024-01-20', '2024-01-23', 'Approved', '2024-01-19', 123),
(247, 41, 6, '2024-04-21', '2024-04-24', 'Approved', '2024-04-20', 155),
(248, 41, 6, '2023-05-13', '2023-05-16', 'Pending', '2023-05-12', 141),
(249, 41, 5, '2024-06-07', '2024-06-10', 'Pending', '2024-06-06', 12),
(250, 41, 2, '2023-03-23', '2023-03-24', 'Denied', '2023-03-22', 250),
(251, 41, 2, '2024-04-09', '2024-04-16', 'Approved', '2024-04-08', 220),
(252, 41, 3, '2023-01-24', '2023-01-31', 'Pending', '2023-01-23', 167),
(253, 41, 6, '2024-01-05', '2024-01-10', 'Approved', '2024-01-04', 167),
(254, 41, 2, '2023-09-12', '2023-09-19', 'Pending', '2023-09-11', 53),
(255, 42, 1, '2023-04-03', '2023-04-04', 'Approved', '2023-04-02', 255),
(256, 42, 2, '2024-02-27', '2024-02-29', 'Pending', '2024-02-26', 155),
(257, 42, 3, '2023-11-28', '2023-11-29', 'Pending', '2023-11-27', 123),
(258, 42, 5, '2023-02-02', '2023-02-03', 'Approved', '2023-02-01', 53),
(259, 42, 6, '2024-04-01', '2024-04-03', 'Pending', '2024-03-31', 53),
(260, 42, 6, '2024-09-05', '2024-09-06', 'Denied', '2024-09-04', 141),
(261, 42, 5, '2023-04-30', '2023-05-07', 'Denied', '2023-04-29', 255),
(262, 42, 4, '2023-06-06', '2023-06-11', 'Pending', '2023-06-05', 247),
(263, 43, 1, '2024-04-04', '2024-04-11', 'Approved', '2024-04-03', 256),
(264, 43, 4, '2024-10-17', '2024-10-22', 'Denied', '2024-10-16', 255),
(265, 43, 2, '2024-04-04', '2024-04-05', 'Denied', '2024-04-03', 240),
(266, 43, 5, '2024-01-22', '2024-01-23', 'Approved', '2024-01-21', 256),
(267, 43, 5, '2023-02-15', '2023-02-20', 'Denied', '2023-02-14', 141),
(268, 43, 6, '2023-01-24', '2023-01-29', 'Approved', '2023-01-23', 107),
(269, 44, 6, '2023-12-02', '2023-12-03', 'Pending', '2023-12-01', 167),
(270, 44, 3, '2023-02-24', '2023-03-01', 'Approved', '2023-02-23', 247),
(271, 44, 4, '2023-03-02', '2023-03-04', 'Approved', '2023-03-01', 223),
(272, 44, 3, '2023-06-13', '2023-06-16', 'Pending', '2023-06-12', 141),
(273, 44, 1, '2023-02-02', '2023-02-09', 'Pending', '2023-02-01', 220),
(274, 44, 4, '2024-06-06', '2024-06-13', 'Approved', '2024-06-05', 223),
(275, 44, 4, '2023-12-28', '2024-01-02', 'Approved', '2023-12-27', 107),
(276, 45, 2, '2024-06-12', '2024-06-17', 'Denied', '2024-06-11', 123),
(277, 45, 4, '2024-03-18', '2024-03-20', 'Approved', '2024-03-17', 17),
(278, 45, 6, '2023-09-24', '2023-09-26', 'Approved', '2023-09-23', 256),
(279, 45, 1, '2023-03-08', '2023-03-09', 'Pending', '2023-03-07', 167),
(280, 46, 3, '2024-04-01', '2024-04-06', 'Denied', '2024-03-31', 220),
(281, 46, 4, '2024-08-26', '2024-08-28', 'Pending', '2024-08-25', 223),
(282, 46, 1, '2024-08-07', '2024-08-12', 'Denied', '2024-08-06', 178),
(283, 46, 2, '2024-04-22', '2024-04-25', 'Approved', '2024-04-21', 53),
(284, 47, 1, '2024-04-19', '2024-04-21', 'Denied', '2024-04-18', 53),
(285, 47, 6, '2023-03-03', '2023-03-10', 'Approved', '2023-03-02', 214),
(286, 47, 6, '2024-03-16', '2024-03-18', 'Pending', '2024-03-15', 155),
(287, 47, 4, '2023-06-03', '2023-06-08', 'Pending', '2023-06-02', 155),
(288, 48, 5, '2023-01-13', '2023-01-15', 'Denied', '2023-01-12', 123),
(289, 48, 1, '2024-07-23', '2024-07-24', 'Denied', '2024-07-22', 107),
(290, 48, 5, '2024-06-18', '2024-06-23', 'Pending', '2024-06-17', 223),
(291, 48, 1, '2024-11-16', '2024-11-21', 'Denied', '2024-11-15', 123),
(292, 48, 3, '2023-02-20', '2023-02-25', 'Denied', '2023-02-19', 167),
(293, 49, 3, '2023-04-11', '2023-04-14', 'Approved', '2023-04-10', 255),
(294, 49, 6, '2024-11-09', '2024-11-16', 'Approved', '2024-11-08', 12),
(295, 49, 6, '2024-01-30', '2024-02-06', 'Approved', '2024-01-29', 155),
(296, 49, 1, '2023-11-20', '2023-11-25', 'Pending', '2023-11-19', 155),
(297, 49, 4, '2023-12-18', '2023-12-21', 'Pending', '2023-12-17', 12),
(298, 49, 4, '2023-06-28', '2023-06-29', 'Approved', '2023-06-27', 247),
(299, 49, 1, '2023-08-23', '2023-08-30', 'Pending', '2023-08-22', 214),
(300, 49, 3, '2024-08-20', '2024-08-23', 'Approved', '2024-08-19', 250),
(301, 50, 3, '2024-11-28', '2024-12-05', 'Denied', '2024-11-27', 65),
(302, 50, 6, '2024-03-09', '2024-03-16', 'Approved', '2024-03-08', 155),
(303, 50, 2, '2024-12-07', '2024-12-10', 'Pending', '2024-12-06', 141),
(304, 50, 1, '2023-07-27', '2023-08-01', 'Approved', '2023-07-26', 107),
(305, 50, 2, '2024-04-29', '2024-05-04', 'Approved', '2024-04-28', 178),
(306, 50, 3, '2024-06-13', '2024-06-14', 'Pending', '2024-06-12', 65),
(307, 51, 4, '2023-07-01', '2023-07-03', 'Approved', '2023-06-30', 12),
(308, 51, 4, '2024-11-12', '2024-11-15', 'Pending', '2024-11-11', 240),
(309, 51, 2, '2024-03-21', '2024-03-28', 'Denied', '2024-03-20', 123),
(310, 51, 6, '2023-08-10', '2023-08-12', 'Pending', '2023-08-09', 220),
(311, 51, 1, '2024-05-05', '2024-05-07', 'Pending', '2024-05-04', 223),
(312, 51, 6, '2023-04-07', '2023-04-10', 'Pending', '2023-04-06', 65),
(313, 51, 5, '2024-04-27', '2024-05-02', 'Approved', '2024-04-26', 155),
(314, 52, 2, '2023-06-14', '2023-06-15', 'Approved', '2023-06-13', 107),
(315, 52, 4, '2024-09-02', '2024-09-05', 'Denied', '2024-09-01', 256),
(316, 52, 6, '2024-06-07', '2024-06-14', 'Denied', '2024-06-06', 214),
(317, 52, 2, '2023-02-08', '2023-02-10', 'Approved', '2023-02-07', 240),
(318, 52, 3, '2023-07-13', '2023-07-16', 'Pending', '2023-07-12', 12),
(319, 52, 2, '2024-09-30', '2024-10-01', 'Approved', '2024-09-29', 107),
(320, 52, 3, '2023-07-06', '2023-07-07', 'Pending', '2023-07-05', 17),
(321, 52, 5, '2023-03-31', '2023-04-03', 'Approved', '2023-03-30', 223),
(322, 53, 3, '2023-10-12', '2023-10-15', 'Approved', '2023-10-11', 223),
(323, 53, 1, '2024-10-20', '2024-10-23', 'Denied', '2024-10-19', 107),
(324, 53, 2, '2024-09-25', '2024-09-26', 'Approved', '2024-09-24', 107),
(325, 53, 1, '2024-12-22', '2024-12-29', 'Denied', '2024-12-21', 12),
(326, 53, 6, '2023-06-21', '2023-06-26', 'Approved', '2023-06-20', 250),
(327, 53, 6, '2024-04-20', '2024-04-21', 'Denied', '2024-04-19', 256),
(328, 54, 6, '2024-08-15', '2024-08-17', 'Approved', '2024-08-14', 250),
(329, 54, 1, '2024-09-03', '2024-09-06', 'Approved', '2024-09-02', 155),
(330, 54, 5, '2023-12-27', '2023-12-29', 'Approved', '2023-12-26', 223),
(331, 54, 6, '2024-05-27', '2024-06-01', 'Denied', '2024-05-26', 256),
(332, 54, 4, '2024-12-17', '2024-12-19', 'Denied', '2024-12-16', 53),
(333, 54, 4, '2024-09-30', '2024-10-02', 'Denied', '2024-09-29', 250),
(334, 54, 1, '2023-11-20', '2023-11-22', 'Approved', '2023-11-19', 123),
(335, 54, 5, '2023-06-18', '2023-06-21', 'Approved', '2023-06-17', 141),
(336, 55, 1, '2024-09-07', '2024-09-10', 'Pending', '2024-09-06', 256),
(337, 55, 5, '2024-08-01', '2024-08-04', 'Pending', '2024-07-31', 155),
(338, 55, 4, '2023-09-18', '2023-09-19', 'Pending', '2023-09-17', 141),
(339, 55, 2, '2024-09-14', '2024-09-16', 'Pending', '2024-09-13', 256),
(340, 55, 1, '2024-12-20', '2024-12-25', 'Denied', '2024-12-19', 107),
(341, 55, 6, '2024-10-23', '2024-10-24', 'Denied', '2024-10-22', 123),
(342, 55, 5, '2023-03-17', '2023-03-19', 'Pending', '2023-03-16', 17),
(343, 56, 5, '2023-12-03', '2023-12-08', 'Denied', '2023-12-02', 250),
(344, 56, 1, '2024-07-07', '2024-07-08', 'Approved', '2024-07-06', 255),
(345, 56, 4, '2023-12-20', '2023-12-21', 'Pending', '2023-12-19', 178),
(346, 56, 3, '2023-03-12', '2023-03-19', 'Approved', '2023-03-11', 214),
(347, 56, 4, '2024-07-18', '2024-07-21', 'Pending', '2024-07-17', 123),
(348, 56, 6, '2023-01-09', '2023-01-10', 'Pending', '2023-01-08', 223),
(349, 57, 6, '2024-09-17', '2024-09-24', 'Denied', '2024-09-16', 123),
(350, 57, 1, '2023-02-16', '2023-02-17', 'Approved', '2023-02-15', 167),
(351, 57, 1, '2024-10-14', '2024-10-16', 'Approved', '2024-10-13', 250),
(352, 57, 2, '2023-12-12', '2023-12-15', 'Approved', '2023-12-11', 250),
(353, 57, 1, '2024-12-06', '2024-12-07', 'Approved', '2024-12-05', 107),
(354, 57, 5, '2024-09-26', '2024-10-03', 'Pending', '2024-09-25', 256),
(355, 58, 2, '2024-05-23', '2024-05-25', 'Approved', '2024-05-22', 53),
(356, 58, 3, '2023-12-09', '2023-12-12', 'Approved', '2023-12-08', 12),
(357, 58, 1, '2024-12-01', '2024-12-08', 'Denied', '2024-11-30', 17),
(358, 58, 5, '2024-06-21', '2024-06-26', 'Approved', '2024-06-20', 223),
(359, 58, 2, '2024-05-28', '2024-05-30', 'Denied', '2024-05-27', 178),
(360, 58, 2, '2024-05-15', '2024-05-18', 'Approved', '2024-05-14', 141),
(361, 59, 1, '2023-10-14', '2023-10-16', 'Denied', '2023-10-13', 53),
(362, 59, 2, '2024-04-06', '2024-04-13', 'Denied', '2024-04-05', 250),
(363, 59, 2, '2024-09-16', '2024-09-21', 'Denied', '2024-09-15', 155),
(364, 59, 2, '2024-07-17', '2024-07-19', 'Approved', '2024-07-16', 12),
(365, 60, 3, '2023-04-25', '2023-04-26', 'Pending', '2023-04-24', 65),
(366, 60, 1, '2023-08-20', '2023-08-22', 'Denied', '2023-08-19', 220),
(367, 60, 2, '2023-05-14', '2023-05-19', 'Approved', '2023-05-13', 255),
(368, 60, 4, '2024-03-14', '2024-03-21', 'Pending', '2024-03-13', 247),
(369, 61, 3, '2024-10-20', '2024-10-23', 'Approved', '2024-10-19', 155),
(370, 61, 2, '2023-03-30', '2023-04-06', 'Approved', '2023-03-29', 17),
(371, 61, 5, '2023-04-11', '2023-04-18', 'Approved', '2023-04-10', 53),
(372, 61, 1, '2024-10-24', '2024-10-29', 'Pending', '2024-10-23', 167),
(373, 61, 6, '2023-05-16', '2023-05-19', 'Pending', '2023-05-15', 141),
(374, 61, 2, '2023-04-04', '2023-04-09', 'Approved', '2023-04-03', 247),
(375, 61, 2, '2023-10-10', '2023-10-13', 'Denied', '2023-10-09', 17),
(376, 62, 4, '2024-01-26', '2024-01-28', 'Approved', '2024-01-25', 250),
(377, 62, 4, '2023-03-04', '2023-03-11', 'Approved', '2023-03-03', 220),
(378, 62, 3, '2024-05-01', '2024-05-06', 'Approved', '2024-04-30', 220),
(379, 62, 3, '2024-04-06', '2024-04-07', 'Pending', '2024-04-05', 214),
(380, 62, 2, '2023-02-05', '2023-02-07', 'Denied', '2023-02-04', 178),
(381, 63, 1, '2024-10-13', '2024-10-16', 'Approved', '2024-10-12', 223),
(382, 63, 1, '2023-12-23', '2023-12-26', 'Approved', '2023-12-22', 240),
(383, 63, 6, '2023-11-11', '2023-11-12', 'Approved', '2023-11-10', 123),
(384, 63, 4, '2024-10-16', '2024-10-18', 'Pending', '2024-10-15', 167),
(385, 63, 1, '2024-09-07', '2024-09-12', 'Approved', '2024-09-06', 214),
(386, 63, 4, '2023-09-30', '2023-10-07', 'Denied', '2023-09-29', 256),
(387, 63, 1, '2023-03-10', '2023-03-15', 'Approved', '2023-03-09', 167),
(388, 64, 2, '2023-11-29', '2023-11-30', 'Denied', '2023-11-28', 256),
(389, 64, 2, '2024-01-29', '2024-02-01', 'Pending', '2024-01-28', 167),
(390, 64, 3, '2024-02-17', '2024-02-18', 'Approved', '2024-02-16', 65),
(391, 64, 1, '2023-04-13', '2023-04-14', 'Pending', '2023-04-12', 123),
(392, 64, 2, '2023-05-04', '2023-05-07', 'Approved', '2023-05-03', 256),
(393, 64, 4, '2024-10-27', '2024-11-01', 'Denied', '2024-10-26', 256),
(394, 64, 2, '2023-02-28', '2023-03-01', 'Pending', '2023-02-27', 167),
(395, 65, 3, '2023-07-04', '2023-07-11', 'Pending', '2023-07-03', 256),
(396, 65, 3, '2024-01-15', '2024-01-20', 'Denied', '2024-01-14', 255),
(397, 65, 6, '2023-10-27', '2023-10-30', 'Pending', '2023-10-26', 141),
(398, 65, 2, '2024-08-07', '2024-08-10', 'Pending', '2024-08-06', 247),
(399, 65, 5, '2024-01-07', '2024-01-14', 'Denied', '2024-01-06', 167),
(400, 65, 6, '2023-12-27', '2024-01-01', 'Denied', '2023-12-26', 220),
(401, 65, 5, '2023-07-14', '2023-07-16', 'Pending', '2023-07-13', 255),
(402, 66, 5, '2024-09-08', '2024-09-09', 'Pending', '2024-09-07', 250),
(403, 66, 4, '2024-01-19', '2024-01-21', 'Approved', '2024-01-18', 17),
(404, 66, 4, '2024-09-10', '2024-09-17', 'Denied', '2024-09-09', 240),
(405, 66, 6, '2023-03-10', '2023-03-13', 'Pending', '2023-03-09', 65),
(406, 66, 1, '2023-06-22', '2023-06-27', 'Denied', '2023-06-21', 107),
(407, 67, 1, '2023-08-20', '2023-08-21', 'Pending', '2023-08-19', 220),
(408, 67, 3, '2023-05-05', '2023-05-07', 'Denied', '2023-05-04', 17),
(409, 67, 4, '2024-05-28', '2024-05-31', 'Approved', '2024-05-27', 17),
(410, 67, 3, '2023-12-25', '2023-12-28', 'Approved', '2023-12-24', 223),
(411, 68, 4, '2024-10-24', '2024-10-27', 'Approved', '2024-10-23', 240),
(412, 68, 4, '2023-02-17', '2023-02-20', 'Denied', '2023-02-16', 65),
(413, 68, 4, '2023-01-12', '2023-01-17', 'Pending', '2023-01-11', 155),
(414, 68, 2, '2023-03-20', '2023-03-25', 'Pending', '2023-03-19', 141),
(415, 68, 3, '2023-12-23', '2023-12-26', 'Approved', '2023-12-22', 107),
(416, 68, 4, '2023-10-02', '2023-10-07', 'Denied', '2023-10-01', 214),
(417, 69, 5, '2023-04-03', '2023-04-08', 'Approved', '2023-04-02', 250),
(418, 69, 3, '2024-06-09', '2024-06-16', 'Pending', '2024-06-08', 178),
(419, 69, 6, '2024-02-25', '2024-03-03', 'Approved', '2024-02-24', 65),
(420, 69, 1, '2023-10-24', '2023-10-29', 'Pending', '2023-10-23', 214),
(421, 69, 4, '2023-04-16', '2023-04-17', 'Approved', '2023-04-15', 155),
(422, 70, 4, '2024-02-01', '2024-02-03', 'Approved', '2024-01-31', 107),
(423, 70, 2, '2024-05-16', '2024-05-23', 'Denied', '2024-05-15', 141),
(424, 70, 4, '2023-07-01', '2023-07-03', 'Pending', '2023-06-30', 12),
(425, 70, 4, '2024-09-21', '2024-09-22', 'Pending', '2024-09-20', 123),
(426, 70, 4, '2024-01-29', '2024-01-31', 'Approved', '2024-01-28', 214),
(427, 70, 1, '2023-01-05', '2023-01-07', 'Approved', '2023-01-04', 17),
(428, 70, 2, '2024-06-12', '2024-06-19', 'Approved', '2024-06-11', 17),
(429, 71, 5, '2024-09-09', '2024-09-16', 'Pending', '2024-09-08', 53),
(430, 71, 3, '2024-08-25', '2024-08-28', 'Approved', '2024-08-24', 123),
(431, 71, 3, '2023-02-01', '2023-02-08', 'Denied', '2023-01-31', 220),
(432, 71, 1, '2024-01-30', '2024-02-02', 'Approved', '2024-01-29', 141),
(433, 72, 1, '2024-08-17', '2024-08-18', 'Approved', '2024-08-16', 255),
(434, 72, 6, '2023-10-25', '2023-10-26', 'Pending', '2023-10-24', 12),
(435, 72, 4, '2023-01-05', '2023-01-07', 'Denied', '2023-01-04', 53),
(436, 72, 2, '2024-09-23', '2024-09-25', 'Approved', '2024-09-22', 167),
(437, 72, 1, '2023-03-09', '2023-03-11', 'Denied', '2023-03-08', 155),
(438, 72, 5, '2024-01-14', '2024-01-17', 'Pending', '2024-01-13', 178),
(439, 73, 1, '2024-10-19', '2024-10-20', 'Approved', '2024-10-18', 141),
(440, 73, 5, '2024-01-12', '2024-01-14', 'Pending', '2024-01-11', 240),
(441, 73, 5, '2023-09-17', '2023-09-22', 'Pending', '2023-09-16', 214),
(442, 73, 1, '2024-04-30', '2024-05-01', 'Pending', '2024-04-29', 250),
(443, 73, 6, '2024-11-18', '2024-11-21', 'Approved', '2024-11-17', 12),
(444, 74, 4, '2024-01-12', '2024-01-15', 'Denied', '2024-01-11', 255),
(445, 74, 3, '2023-11-15', '2023-11-18', 'Pending', '2023-11-14', 240),
(446, 74, 2, '2024-03-04', '2024-03-11', 'Approved', '2024-03-03', 214),
(447, 74, 1, '2024-05-14', '2024-05-19', 'Denied', '2024-05-13', 12),
(448, 74, 1, '2023-11-23', '2023-11-24', 'Approved', '2023-11-22', 250),
(449, 74, 2, '2023-08-27', '2023-08-30', 'Denied', '2023-08-26', 223),
(450, 75, 6, '2024-04-05', '2024-04-12', 'Approved', '2024-04-04', 240),
(451, 75, 1, '2023-09-14', '2023-09-17', 'Approved', '2023-09-13', 107),
(452, 75, 3, '2023-06-29', '2023-06-30', 'Approved', '2023-06-28', 247),
(453, 75, 3, '2024-07-27', '2024-08-01', 'Approved', '2024-07-26', 255),
(454, 75, 1, '2023-08-16', '2023-08-23', 'Denied', '2023-08-15', 247),
(455, 76, 3, '2023-05-24', '2023-05-26', 'Approved', '2023-05-23', 12),
(456, 76, 1, '2024-06-09', '2024-06-12', 'Approved', '2024-06-08', 167),
(457, 76, 2, '2024-01-04', '2024-01-11', 'Approved', '2024-01-03', 107),
(458, 76, 6, '2023-05-25', '2023-05-28', 'Denied', '2023-05-24', 123),
(459, 76, 4, '2024-01-07', '2024-01-12', 'Denied', '2024-01-06', 155),
(460, 76, 5, '2024-01-13', '2024-01-18', 'Denied', '2024-01-12', 223),
(461, 77, 1, '2024-09-24', '2024-09-27', 'Denied', '2024-09-23', 107),
(462, 77, 2, '2024-10-17', '2024-10-18', 'Approved', '2024-10-16', 220),
(463, 77, 2, '2024-08-27', '2024-09-01', 'Denied', '2024-08-26', 53),
(464, 77, 4, '2024-05-27', '2024-05-29', 'Pending', '2024-05-26', 247),
(465, 77, 4, '2024-01-01', '2024-01-04', 'Approved', '2023-12-31', 17),
(466, 77, 5, '2024-07-27', '2024-07-28', 'Approved', '2024-07-26', 255),
(467, 78, 4, '2023-11-29', '2023-11-30', 'Approved', '2023-11-28', 123),
(468, 78, 1, '2024-02-15', '2024-02-18', 'Pending', '2024-02-14', 155),
(469, 78, 1, '2024-04-24', '2024-05-01', 'Approved', '2024-04-23', 53),
(470, 78, 3, '2024-04-05', '2024-04-12', 'Denied', '2024-04-04', 141),
(471, 78, 4, '2024-07-09', '2024-07-12', 'Denied', '2024-07-08', 167),
(472, 79, 5, '2023-08-13', '2023-08-14', 'Approved', '2023-08-12', 123),
(473, 79, 3, '2023-10-01', '2023-10-08', 'Approved', '2023-09-30', 223),
(474, 79, 5, '2023-06-30', '2023-07-01', 'Approved', '2023-06-29', 214),
(475, 79, 6, '2023-11-20', '2023-11-27', 'Approved', '2023-11-19', 247),
(476, 80, 4, '2023-11-23', '2023-11-26', 'Approved', '2023-11-22', 240),
(477, 80, 6, '2024-12-06', '2024-12-09', 'Approved', '2024-12-05', 223),
(478, 80, 2, '2023-10-13', '2023-10-16', 'Pending', '2023-10-12', 53),
(479, 80, 6, '2023-10-28', '2023-10-31', 'Approved', '2023-10-27', 220),
(480, 80, 6, '2024-12-14', '2024-12-15', 'Approved', '2024-12-13', 65),
(481, 81, 4, '2023-09-12', '2023-09-19', 'Pending', '2023-09-11', 167),
(482, 81, 5, '2024-01-09', '2024-01-14', 'Approved', '2024-01-08', 250),
(483, 81, 4, '2023-06-13', '2023-06-16', 'Approved', '2023-06-12', 220),
(484, 81, 5, '2024-02-24', '2024-02-27', 'Approved', '2024-02-23', 107),
(485, 81, 6, '2023-11-02', '2023-11-04', 'Pending', '2023-11-01', 256),
(486, 81, 6, '2024-05-25', '2024-05-27', 'Denied', '2024-05-24', 250),
(487, 81, 2, '2023-01-17', '2023-01-18', 'Pending', '2023-01-16', 17),
(488, 81, 5, '2023-01-20', '2023-01-22', 'Approved', '2023-01-19', 223),
(489, 82, 4, '2024-01-25', '2024-01-28', 'Approved', '2024-01-24', 256),
(490, 82, 6, '2023-03-27', '2023-03-28', 'Pending', '2023-03-26', 220),
(491, 82, 3, '2023-12-26', '2023-12-28', 'Denied', '2023-12-25', 155),
(492, 82, 1, '2023-08-06', '2023-08-08', 'Approved', '2023-08-05', 220),
(493, 82, 1, '2024-10-29', '2024-10-31', 'Approved', '2024-10-28', 107),
(494, 83, 3, '2024-06-29', '2024-07-06', 'Approved', '2024-06-28', 65),
(495, 83, 1, '2023-06-03', '2023-06-06', 'Approved', '2023-06-02', 178),
(496, 83, 1, '2023-06-24', '2023-06-25', 'Approved', '2023-06-23', 167),
(497, 83, 6, '2024-09-29', '2024-10-01', 'Approved', '2024-09-28', 17),
(498, 83, 4, '2024-09-18', '2024-09-21', 'Pending', '2024-09-17', 256),
(499, 83, 6, '2024-05-03', '2024-05-08', 'Denied', '2024-05-02', 12),
(500, 83, 1, '2024-06-02', '2024-06-09', 'Denied', '2024-06-01', 17),
(501, 83, 4, '2024-11-25', '2024-11-30', 'Approved', '2024-11-24', 123),
(502, 84, 2, '2024-01-15', '2024-01-18', 'Approved', '2024-01-14', 123),
(503, 84, 2, '2023-10-02', '2023-10-03', 'Pending', '2023-10-01', 155),
(504, 84, 3, '2024-09-14', '2024-09-21', 'Approved', '2024-09-13', 107),
(505, 84, 6, '2024-08-01', '2024-08-08', 'Denied', '2024-07-31', 107),
(506, 84, 2, '2024-07-28', '2024-07-29', 'Pending', '2024-07-27', 214),
(507, 84, 4, '2024-01-24', '2024-01-29', 'Approved', '2024-01-23', 167),
(508, 85, 4, '2023-05-27', '2023-05-30', 'Approved', '2023-05-26', 12),
(509, 85, 2, '2023-12-12', '2023-12-14', 'Approved', '2023-12-11', 141),
(510, 85, 3, '2023-11-24', '2023-11-26', 'Pending', '2023-11-23', 250),
(511, 85, 4, '2023-01-29', '2023-02-05', 'Approved', '2023-01-28', 250),
(512, 85, 5, '2024-09-12', '2024-09-13', 'Approved', '2024-09-11', 53),
(513, 85, 4, '2023-07-05', '2023-07-10', 'Pending', '2023-07-04', 12),
(514, 85, 6, '2024-04-07', '2024-04-08', 'Pending', '2024-04-06', 240),
(515, 86, 5, '2024-08-24', '2024-08-29', 'Approved', '2024-08-23', 214),
(516, 86, 6, '2023-05-14', '2023-05-16', 'Denied', '2023-05-13', 17),
(517, 86, 2, '2024-05-07', '2024-05-08', 'Approved', '2024-05-06', 247),
(518, 86, 4, '2023-10-31', '2023-11-05', 'Approved', '2023-10-30', 256),
(519, 86, 1, '2024-06-20', '2024-06-21', 'Approved', '2024-06-19', 12),
(520, 86, 6, '2023-09-16', '2023-09-19', 'Pending', '2023-09-15', 223),
(521, 86, 2, '2023-01-28', '2023-01-30', 'Approved', '2023-01-27', 255),
(522, 86, 4, '2023-05-16', '2023-05-21', 'Approved', '2023-05-15', 53),
(523, 87, 1, '2023-05-04', '2023-05-11', 'Approved', '2023-05-03', 167),
(524, 87, 5, '2023-07-10', '2023-07-11', 'Denied', '2023-07-09', 17),
(525, 87, 3, '2023-01-04', '2023-01-09', 'Denied', '2023-01-03', 107),
(526, 87, 5, '2023-12-19', '2023-12-22', 'Approved', '2023-12-18', 247),
(527, 87, 1, '2024-02-12', '2024-02-15', 'Denied', '2024-02-11', 107),
(528, 87, 1, '2024-02-01', '2024-02-08', 'Pending', '2024-01-31', 123),
(529, 87, 5, '2023-03-19', '2023-03-22', 'Approved', '2023-03-18', 12),
(530, 87, 4, '2024-02-04', '2024-02-09', 'Approved', '2024-02-03', 155),
(531, 88, 5, '2024-10-03', '2024-10-04', 'Approved', '2024-10-02', 256),
(532, 88, 4, '2024-10-07', '2024-10-14', 'Approved', '2024-10-06', 107),
(533, 88, 3, '2023-03-28', '2023-04-02', 'Approved', '2023-03-27', 17),
(534, 88, 2, '2024-10-19', '2024-10-22', 'Approved', '2024-10-18', 155),
(535, 88, 1, '2023-05-19', '2023-05-22', 'Approved', '2023-05-18', 214),
(536, 88, 5, '2024-05-29', '2024-05-31', 'Denied', '2024-05-28', 107),
(537, 88, 2, '2024-09-15', '2024-09-17', 'Approved', '2024-09-14', 65),
(538, 88, 6, '2024-08-26', '2024-08-31', 'Approved', '2024-08-25', 65),
(539, 89, 1, '2024-05-27', '2024-05-30', 'Approved', '2024-05-26', 141),
(540, 89, 4, '2023-03-23', '2023-03-25', 'Denied', '2023-03-22', 167),
(541, 89, 4, '2023-11-06', '2023-11-13', 'Approved', '2023-11-05', 240),
(542, 89, 3, '2024-12-09', '2024-12-16', 'Pending', '2024-12-08', 12),
(543, 90, 6, '2023-08-01', '2023-08-04', 'Denied', '2023-07-31', 155),
(544, 90, 4, '2024-07-04', '2024-07-09', 'Approved', '2024-07-03', 123),
(545, 90, 1, '2023-08-25', '2023-08-28', 'Denied', '2023-08-24', 240),
(546, 90, 6, '2024-04-10', '2024-04-13', 'Pending', '2024-04-09', 240),
(547, 90, 3, '2023-07-26', '2023-07-28', 'Approved', '2023-07-25', 167),
(548, 90, 6, '2024-05-26', '2024-06-02', 'Approved', '2024-05-25', 65),
(549, 90, 1, '2023-06-06', '2023-06-07', 'Denied', '2023-06-05', 240),
(550, 91, 1, '2023-12-17', '2023-12-20', 'Approved', '2023-12-16', 220),
(551, 91, 1, '2023-03-17', '2023-03-20', 'Pending', '2023-03-16', 167),
(552, 91, 6, '2023-05-28', '2023-05-31', 'Pending', '2023-05-27', 141),
(553, 91, 4, '2024-01-03', '2024-01-06', 'Approved', '2024-01-02', 256),
(554, 91, 4, '2023-11-15', '2023-11-20', 'Approved', '2023-11-14', 247),
(555, 91, 4, '2024-08-07', '2024-08-08', 'Denied', '2024-08-06', 141),
(556, 91, 6, '2024-05-22', '2024-05-29', 'Approved', '2024-05-21', 250),
(557, 91, 2, '2023-01-16', '2023-01-19', 'Approved', '2023-01-15', 223),
(558, 92, 4, '2024-11-14', '2024-11-15', 'Pending', '2024-11-13', 17),
(559, 92, 2, '2023-07-31', '2023-08-05', 'Approved', '2023-07-30', 250),
(560, 92, 3, '2023-10-01', '2023-10-06', 'Approved', '2023-09-30', 247),
(561, 92, 6, '2023-05-15', '2023-05-16', 'Denied', '2023-05-14', 141),
(562, 92, 1, '2024-07-21', '2024-07-24', 'Approved', '2024-07-20', 178),
(563, 92, 4, '2024-03-31', '2024-04-07', 'Denied', '2024-03-30', 107),
(564, 93, 3, '2024-06-09', '2024-06-11', 'Denied', '2024-06-08', 178),
(565, 93, 6, '2024-09-05', '2024-09-07', 'Pending', '2024-09-04', 256),
(566, 93, 2, '2024-10-16', '2024-10-18', 'Denied', '2024-10-15', 220),
(567, 93, 3, '2023-03-02', '2023-03-05', 'Pending', '2023-03-01', 255),
(568, 93, 3, '2024-10-03', '2024-10-06', 'Approved', '2024-10-02', 17),
(569, 93, 2, '2023-05-01', '2023-05-03', 'Approved', '2023-04-30', 123),
(570, 94, 1, '2023-12-10', '2023-12-12', 'Denied', '2023-12-09', 17),
(571, 94, 6, '2023-12-04', '2023-12-11', 'Approved', '2023-12-03', 53),
(572, 94, 5, '2024-07-16', '2024-07-23', 'Denied', '2024-07-15', 12),
(573, 94, 3, '2023-04-09', '2023-04-12', 'Approved', '2023-04-08', 17),
(574, 94, 6, '2023-01-27', '2023-01-29', 'Pending', '2023-01-26', 123),
(575, 94, 2, '2024-05-11', '2024-05-12', 'Pending', '2024-05-10', 240),
(576, 94, 5, '2024-12-15', '2024-12-16', 'Denied', '2024-12-14', 214),
(577, 94, 3, '2024-02-28', '2024-03-06', 'Pending', '2024-02-27', 240),
(578, 95, 2, '2024-01-02', '2024-01-09', 'Pending', '2024-01-01', 247),
(579, 95, 3, '2024-07-10', '2024-07-17', 'Approved', '2024-07-09', 123),
(580, 95, 3, '2023-06-24', '2023-06-27', 'Pending', '2023-06-23', 53),
(581, 95, 2, '2024-05-07', '2024-05-08', 'Approved', '2024-05-06', 220),
(582, 95, 1, '2023-02-11', '2023-02-16', 'Pending', '2023-02-10', 255),
(583, 96, 2, '2024-10-14', '2024-10-17', 'Pending', '2024-10-13', 240),
(584, 96, 6, '2024-10-27', '2024-10-29', 'Approved', '2024-10-26', 17),
(585, 96, 6, '2023-06-16', '2023-06-18', 'Approved', '2023-06-15', 255),
(586, 96, 5, '2023-09-08', '2023-09-11', 'Denied', '2023-09-07', 141),
(587, 96, 4, '2024-03-21', '2024-03-26', 'Pending', '2024-03-20', 167),
(588, 96, 4, '2023-11-01', '2023-11-06', 'Approved', '2023-10-31', 123),
(589, 96, 6, '2023-01-10', '2023-01-11', 'Denied', '2023-01-09', 255),
(590, 97, 2, '2024-09-01', '2024-09-06', 'Approved', '2024-08-31', 220),
(591, 97, 2, '2023-06-06', '2023-06-11', 'Denied', '2023-06-05', 123),
(592, 97, 2, '2024-01-24', '2024-01-31', 'Denied', '2024-01-23', 220),
(593, 97, 1, '2024-10-03', '2024-10-05', 'Approved', '2024-10-02', 155),
(594, 97, 2, '2023-11-17', '2023-11-20', 'Denied', '2023-11-16', 255),
(595, 97, 5, '2024-06-14', '2024-06-19', 'Denied', '2024-06-13', 255),
(596, 97, 1, '2024-07-29', '2024-07-31', 'Approved', '2024-07-28', 247),
(597, 98, 5, '2023-05-07', '2023-05-14', 'Approved', '2023-05-06', 214),
(598, 98, 6, '2023-10-24', '2023-10-27', 'Approved', '2023-10-23', 155),
(599, 98, 1, '2023-08-26', '2023-09-02', 'Approved', '2023-08-25', 240),
(600, 98, 4, '2023-05-13', '2023-05-15', 'Denied', '2023-05-12', 12),
(601, 98, 2, '2023-11-05', '2023-11-08', 'Pending', '2023-11-04', 53),
(602, 98, 4, '2023-04-13', '2023-04-14', 'Approved', '2023-04-12', 256);

INSERT INTO schedule.shifts (shift_id, shift_name, start_time, end_time, overlap_minutes) VALUES
(1, 'Morning', '06:00', '15:00', 60),
(2, 'Afternoon', '14:00', '23:00', 60),
(3, 'Night', '22:00', '07:00', 60);

INSERT INTO approvals.swaps (swap_id, from_emp, to_emp, original_shift_id, swap_date, status) VALUES
(1, 79, 79, 3, '2023-03-28', 'Approved'),
(2, 107, 44, 3, '2023-10-03', 'Denied'),
(3, 102, 231, 1, '2023-04-09', 'Approved'),
(4, 45, 124, 3, '2023-03-01', 'Approved'),
(5, 95, 261, 1, '2023-07-14', 'Approved'),
(6, 213, 213, 1, '2024-01-06', 'Approved'),
(7, 235, 154, 1, '2024-01-10', 'Denied'),
(8, 180, 144, 2, '2024-12-24', 'Approved'),
(9, 210, 162, 3, '2023-04-26', 'Approved'),
(10, 78, 63, 1, '2023-04-09', 'Approved'),
(11, 182, 70, 2, '2023-11-26', 'Denied'),
(12, 97, 61, 2, '2023-03-14', 'Approved'),
(13, 95, 62, 3, '2023-07-06', 'Approved'),
(14, 245, 30, 2, '2023-01-04', 'Pending'),
(15, 37, 260, 3, '2024-12-16', 'Pending'),
(16, 124, 4, 3, '2024-02-23', 'Denied'),
(17, 102, 102, 1, '2024-07-01', 'Pending'),
(18, 84, 225, 3, '2024-10-23', 'Approved'),
(19, 61, 82, 2, '2023-02-28', 'Pending'),
(20, 100, 100, 3, '2023-07-23', 'Denied'),
(21, 180, 98, 3, '2023-09-25', 'Denied'),
(22, 160, 66, 3, '2024-11-25', 'Approved'),
(23, 97, 52, 1, '2024-06-04', 'Approved'),
(24, 213, 172, 3, '2024-05-29', 'Approved'),
(25, 3, 249, 2, '2023-10-24', 'Approved'),
(26, 226, 226, 2, '2024-02-07', 'Pending'),
(27, 149, 157, 2, '2024-07-17', 'Approved'),
(28, 106, 245, 1, '2024-04-29', 'Approved'),
(29, 1, 24, 3, '2023-06-27', 'Pending'),
(30, 58, 133, 2, '2023-07-28', 'Approved'),
(31, 246, 3, 3, '2023-06-07', 'Approved'),
(32, 81, 81, 3, '2024-05-17', 'Pending'),
(33, 15, 197, 2, '2023-10-10', 'Pending'),
(34, 81, 136, 1, '2023-10-02', 'Approved'),
(35, 2, 86, 3, '2023-07-29', 'Pending'),
(36, 259, 259, 2, '2024-07-26', 'Approved'),
(37, 230, 230, 3, '2023-08-02', 'Approved'),
(38, 172, 172, 2, '2023-12-22', 'Denied'),
(39, 204, 206, 1, '2024-06-16', 'Approved'),
(40, 211, 41, 3, '2023-01-30', 'Pending'),
(41, 165, 101, 2, '2024-01-07', 'Approved'),
(42, 62, 62, 3, '2023-09-09', 'Pending'),
(43, 243, 174, 1, '2024-10-28', 'Approved'),
(44, 23, 196, 1, '2023-05-20', 'Approved'),
(45, 103, 191, 1, '2023-12-11', 'Approved'),
(46, 230, 257, 3, '2023-09-22', 'Approved'),
(47, 246, 118, 3, '2024-06-18', 'Pending'),
(48, 216, 216, 2, '2024-08-17', 'Denied'),
(49, 57, 57, 1, '2024-08-13', 'Approved'),
(50, 85, 85, 2, '2023-06-06', 'Denied'),
(51, 215, 101, 3, '2024-04-04', 'Pending'),
(52, 80, 62, 2, '2024-09-28', 'Pending'),
(53, 253, 61, 1, '2024-07-16', 'Denied'),
(54, 184, 176, 3, '2024-02-05', 'Pending'),
(55, 86, 38, 1, '2024-06-18', 'Approved'),
(56, 41, 66, 2, '2023-04-07', 'Pending'),
(57, 182, 138, 3, '2024-03-31', 'Approved'),
(58, 173, 187, 3, '2023-05-09', 'Denied'),
(59, 206, 162, 2, '2024-06-01', 'Approved'),
(60, 238, 157, 3, '2024-02-15', 'Denied'),
(61, 50, 16, 3, '2024-04-20', 'Denied'),
(62, 161, 64, 2, '2024-06-23', 'Denied'),
(63, 98, 132, 3, '2023-04-26', 'Denied'),
(64, 238, 100, 1, '2024-06-20', 'Approved'),
(65, 82, 190, 2, '2024-02-08', 'Pending'),
(66, 86, 209, 3, '2024-03-23', 'Approved'),
(67, 115, 198, 3, '2024-03-05', 'Pending'),
(68, 80, 80, 3, '2023-01-08', 'Pending'),
(69, 150, 1, 1, '2024-04-10', 'Pending'),
(70, 14, 61, 1, '2024-09-01', 'Approved'),
(71, 249, 120, 1, '2023-03-22', 'Approved'),
(72, 24, 24, 3, '2024-03-14', 'Approved'),
(73, 102, 145, 1, '2024-11-04', 'Pending'),
(74, 179, 40, 2, '2023-07-20', 'Denied'),
(75, 140, 217, 3, '2023-11-17', 'Approved'),
(76, 47, 47, 1, '2024-02-15', 'Approved'),
(77, 155, 179, 1, '2024-10-15', 'Approved'),
(78, 107, 118, 2, '2024-08-15', 'Pending'),
(79, 213, 187, 3, '2024-08-18', 'Pending'),
(80, 85, 173, 2, '2024-02-13', 'Approved'),
(81, 47, 158, 1, '2023-08-03', 'Pending'),
(82, 238, 41, 1, '2023-10-24', 'Denied'),
(83, 83, 260, 2, '2023-06-19', 'Approved'),
(84, 253, 253, 3, '2024-11-14', 'Approved'),
(85, 242, 8, 1, '2024-10-22', 'Approved'),
(86, 95, 243, 1, '2024-03-27', 'Pending'),
(87, 62, 205, 3, '2023-10-13', 'Approved'),
(88, 102, 59, 3, '2023-12-21', 'Denied'),
(89, 224, 56, 1, '2024-11-06', 'Approved'),
(90, 220, 103, 3, '2024-05-05', 'Approved'),
(91, 157, 232, 3, '2024-03-19', 'Pending'),
(92, 145, 219, 3, '2024-10-28', 'Approved'),
(93, 212, 257, 2, '2024-01-26', 'Approved'),
(94, 215, 188, 3, '2024-07-22', 'Pending'),
(95, 225, 184, 2, '2023-05-22', 'Approved'),
(96, 166, 219, 2, '2024-04-29', 'Pending'),
(97, 10, 200, 1, '2024-03-21', 'Approved'),
(98, 225, 91, 3, '2023-02-09', 'Pending'),
(99, 151, 34, 2, '2024-07-04', 'Approved'),
(100, 106, 224, 2, '2023-03-07', 'Approved'),
(101, 98, 224, 3, '2023-10-08', 'Approved'),
(102, 94, 51, 1, '2024-09-06', 'Denied'),
(103, 188, 80, 3, '2024-10-05', 'Pending'),
(104, 58, 69, 1, '2024-05-23', 'Approved'),
(105, 61, 232, 3, '2024-07-30', 'Approved'),
(106, 111, 154, 1, '2023-12-19', 'Approved'),
(107, 127, 56, 3, '2023-11-19', 'Approved'),
(108, 10, 94, 2, '2024-02-08', 'Denied'),
(109, 100, 200, 1, '2024-04-28', 'Pending'),
(110, 77, 89, 1, '2023-09-29', 'Approved'),
(111, 79, 6, 2, '2023-12-17', 'Denied'),
(112, 177, 111, 2, '2023-08-18', 'Approved'),
(113, 24, 245, 2, '2024-05-07', 'Denied'),
(114, 254, 238, 3, '2023-02-14', 'Denied'),
(115, 234, 234, 1, '2024-05-28', 'Denied'),
(116, 82, 77, 1, '2024-08-01', 'Approved'),
(117, 20, 19, 3, '2023-10-10', 'Approved'),
(118, 261, 137, 2, '2024-06-11', 'Approved'),
(119, 126, 211, 2, '2023-06-21', 'Pending'),
(120, 96, 10, 1, '2023-09-28', 'Pending'),
(121, 22, 129, 3, '2023-09-28', 'Approved'),
(122, 103, 172, 1, '2024-01-11', 'Pending'),
(123, 70, 70, 2, '2023-01-23', 'Pending'),
(124, 159, 159, 1, '2024-10-27', 'Approved'),
(125, 179, 151, 1, '2023-09-30', 'Approved'),
(126, 255, 188, 1, '2023-02-19', 'Pending'),
(127, 89, 186, 2, '2024-09-09', 'Approved'),
(128, 62, 99, 3, '2024-06-20', 'Pending'),
(129, 28, 225, 1, '2023-03-23', 'Pending'),
(130, 235, 187, 1, '2024-01-10', 'Approved'),
(131, 55, 38, 1, '2023-07-26', 'Approved'),
(132, 68, 25, 2, '2024-12-21', 'Denied'),
(133, 90, 174, 2, '2023-06-28', 'Approved'),
(134, 154, 204, 2, '2023-05-22', 'Denied'),
(135, 54, 252, 2, '2024-04-01', 'Approved'),
(136, 182, 33, 2, '2024-10-28', 'Pending'),
(137, 95, 36, 2, '2024-02-01', 'Approved'),
(138, 186, 129, 3, '2023-09-07', 'Approved'),
(139, 114, 61, 2, '2023-08-21', 'Denied'),
(140, 21, 21, 1, '2023-05-14', 'Denied'),
(141, 94, 134, 2, '2023-08-14', 'Denied'),
(142, 15, 74, 1, '2024-07-10', 'Pending'),
(143, 196, 196, 2, '2023-04-30', 'Pending'),
(144, 82, 110, 3, '2023-02-15', 'Pending'),
(145, 230, 198, 2, '2024-04-15', 'Denied'),
(146, 176, 171, 3, '2024-09-09', 'Denied'),
(147, 58, 142, 3, '2023-02-16', 'Pending'),
(148, 11, 193, 1, '2023-04-14', 'Denied'),
(149, 50, 164, 2, '2024-05-08', 'Approved'),
(150, 69, 234, 2, '2023-03-11', 'Approved'),
(151, 129, 51, 1, '2024-11-13', 'Pending'),
(152, 205, 205, 3, '2024-11-16', 'Denied'),
(153, 55, 55, 1, '2023-01-25', 'Denied'),
(154, 50, 194, 1, '2024-04-27', 'Approved'),
(155, 235, 113, 3, '2024-08-19', 'Denied'),
(156, 56, 59, 1, '2024-12-07', 'Denied'),
(157, 33, 165, 1, '2024-01-15', 'Denied'),
(158, 132, 183, 3, '2023-01-31', 'Pending'),
(159, 82, 96, 1, '2023-06-30', 'Approved'),
(160, 165, 188, 3, '2023-03-29', 'Approved'),
(161, 258, 258, 2, '2023-12-19', 'Approved'),
(162, 227, 238, 2, '2023-10-19', 'Pending'),
(163, 67, 96, 2, '2024-07-12', 'Approved'),
(164, 39, 186, 1, '2024-10-22', 'Denied'),
(165, 202, 202, 3, '2023-04-07', 'Approved'),
(166, 121, 117, 1, '2024-04-26', 'Approved'),
(167, 96, 175, 2, '2024-08-20', 'Denied'),
(168, 236, 144, 3, '2023-08-23', 'Approved'),
(169, 252, 221, 3, '2023-04-03', 'Approved'),
(170, 61, 82, 3, '2023-11-29', 'Approved'),
(171, 75, 117, 2, '2024-12-07', 'Approved'),
(172, 139, 106, 2, '2023-08-19', 'Pending'),
(173, 8, 33, 2, '2023-10-09', 'Approved'),
(174, 40, 40, 2, '2023-09-16', 'Denied'),
(175, 85, 220, 3, '2023-10-22', 'Approved'),
(176, 135, 22, 3, '2024-10-09', 'Approved'),
(177, 170, 69, 2, '2024-08-10', 'Approved'),
(178, 1, 20, 2, '2024-10-22', 'Approved'),
(179, 58, 124, 2, '2023-10-19', 'Pending'),
(180, 7, 126, 1, '2024-07-15', 'Approved'),
(181, 257, 37, 1, '2023-11-01', 'Pending'),
(182, 54, 110, 1, '2024-03-26', 'Approved'),
(183, 21, 89, 3, '2024-06-13', 'Approved'),
(184, 130, 98, 2, '2023-12-19', 'Pending'),
(185, 135, 24, 2, '2024-11-04', 'Pending'),
(186, 154, 165, 3, '2024-04-07', 'Approved'),
(187, 24, 24, 1, '2024-11-27', 'Pending'),
(188, 187, 187, 2, '2024-07-27', 'Approved'),
(189, 250, 4, 1, '2024-06-13', 'Denied'),
(190, 193, 42, 3, '2024-02-12', 'Pending'),
(191, 107, 60, 3, '2023-02-16', 'Denied'),
(192, 8, 8, 2, '2024-08-09', 'Approved'),
(193, 113, 113, 2, '2023-03-14', 'Approved'),
(194, 190, 190, 3, '2024-10-10', 'Approved'),
(195, 40, 136, 1, '2023-06-22', 'Pending'),
(196, 165, 95, 1, '2024-12-10', 'Pending'),
(197, 152, 29, 3, '2024-04-03', 'Pending'),
(198, 172, 143, 2, '2023-10-20', 'Approved'),
(199, 9, 201, 1, '2024-07-17', 'Approved'),
(200, 93, 201, 1, '2023-06-18', 'Denied'),
(201, 95, 201, 2, '2023-02-28', 'Pending'),
(202, 99, 7, 3, '2024-10-16', 'Approved'),
(203, 142, 142, 2, '2023-03-02', 'Approved'),
(204, 112, 112, 2, '2024-03-05', 'Denied'),
(205, 159, 159, 2, '2023-10-03', 'Pending'),
(206, 105, 38, 2, '2024-08-16', 'Approved'),
(207, 216, 30, 3, '2023-06-14', 'Approved'),
(208, 28, 43, 1, '2023-04-29', 'Approved'),
(209, 128, 128, 3, '2023-10-29', 'Approved'),
(210, 82, 137, 2, '2024-12-06', 'Approved'),
(211, 162, 72, 2, '2024-02-28', 'Denied'),
(212, 128, 130, 2, '2024-01-04', 'Approved'),
(213, 185, 231, 2, '2024-12-02', 'Approved'),
(214, 21, 181, 3, '2023-08-02', 'Approved'),
(215, 51, 111, 2, '2023-04-07', 'Denied'),
(216, 54, 222, 1, '2023-02-23', 'Approved'),
(217, 36, 65, 1, '2024-06-29', 'Approved'),
(218, 67, 41, 1, '2023-06-16', 'Approved'),
(219, 187, 63, 3, '2023-06-12', 'Approved'),
(220, 205, 166, 3, '2023-07-06', 'Pending'),
(221, 115, 60, 3, '2023-10-19', 'Pending'),
(222, 179, 115, 3, '2023-04-21', 'Pending'),
(223, 115, 169, 3, '2024-08-22', 'Approved'),
(224, 25, 25, 1, '2023-06-24', 'Approved'),
(225, 256, 256, 2, '2023-02-27', 'Pending'),
(226, 206, 201, 1, '2023-09-30', 'Pending'),
(227, 160, 232, 2, '2024-04-08', 'Approved'),
(228, 119, 30, 3, '2023-12-10', 'Denied'),
(229, 221, 162, 2, '2024-04-10', 'Approved'),
(230, 5, 54, 3, '2023-10-25', 'Approved'),
(231, 243, 210, 2, '2024-08-21', 'Pending'),
(232, 1, 5, 3, '2023-08-29', 'Approved'),
(233, 134, 134, 2, '2024-01-22', 'Approved'),
(234, 114, 195, 3, '2024-11-30', 'Denied'),
(235, 192, 5, 3, '2024-02-22', 'Denied'),
(236, 35, 186, 1, '2024-01-09', 'Approved'),
(237, 258, 258, 3, '2023-07-15', 'Approved'),
(238, 172, 75, 3, '2024-03-15', 'Approved'),
(239, 112, 134, 3, '2023-05-14', 'Approved'),
(240, 93, 136, 1, '2024-02-27', 'Pending'),
(241, 198, 96, 3, '2024-12-31', 'Denied'),
(242, 58, 6, 3, '2023-03-07', 'Approved'),
(243, 234, 234, 1, '2023-05-31', 'Approved'),
(244, 10, 166, 1, '2024-01-12', 'Approved'),
(245, 150, 224, 2, '2023-05-08', 'Approved'),
(246, 109, 109, 3, '2024-07-23', 'Approved'),
(247, 86, 64, 1, '2024-01-20', 'Approved'),
(248, 200, 7, 2, '2024-08-13', 'Pending'),
(249, 31, 62, 3, '2024-05-10', 'Pending'),
(250, 156, 40, 1, '2023-06-20', 'Denied'),
(251, 204, 114, 3, '2024-05-25', 'Approved'),
(252, 230, 238, 3, '2024-09-25', 'Approved'),
(253, 63, 68, 2, '2024-02-15', 'Pending'),
(254, 200, 99, 3, '2024-02-01', 'Approved'),
(255, 96, 189, 1, '2023-09-27', 'Denied'),
(256, 100, 192, 3, '2024-04-04', 'Approved'),
(257, 204, 204, 1, '2024-01-29', 'Approved'),
(258, 132, 69, 2, '2023-01-24', 'Pending'),
(259, 140, 175, 2, '2023-08-24', 'Approved'),
(260, 161, 159, 2, '2023-05-15', 'Pending'),
(261, 217, 82, 1, '2023-10-18', 'Denied'),
(262, 73, 100, 2, '2023-01-26', 'Approved'),
(263, 3, 218, 3, '2023-09-24', 'Approved'),
(264, 50, 50, 1, '2024-07-23', 'Approved'),
(265, 261, 199, 3, '2023-12-06', 'Pending'),
(266, 63, 197, 3, '2024-11-19', 'Approved'),
(267, 125, 68, 1, '2023-04-14', 'Pending'),
(268, 122, 199, 2, '2024-10-22', 'Denied'),
(269, 119, 159, 1, '2023-11-09', 'Pending'),
(270, 249, 65, 1, '2024-03-17', 'Pending'),
(271, 42, 175, 2, '2024-08-05', 'Pending'),
(272, 18, 41, 2, '2023-03-24', 'Denied'),
(273, 152, 160, 2, '2024-06-19', 'Denied'),
(274, 227, 5, 2, '2023-10-26', 'Denied'),
(275, 22, 147, 1, '2023-01-17', 'Denied'),
(276, 159, 103, 3, '2024-02-14', 'Denied'),
(277, 39, 39, 1, '2024-10-16', 'Pending'),
(278, 200, 188, 1, '2023-12-11', 'Pending'),
(279, 185, 125, 2, '2023-06-14', 'Approved'),
(280, 61, 133, 2, '2024-07-08', 'Approved'),
(281, 59, 28, 3, '2024-02-15', 'Approved'),
(282, 144, 122, 3, '2023-10-25', 'Pending'),
(283, 67, 20, 1, '2024-06-17', 'Approved'),
(284, 35, 8, 1, '2023-11-24', 'Approved'),
(285, 179, 22, 2, '2024-09-26', 'Approved'),
(286, 179, 8, 3, '2024-03-22', 'Denied'),
(287, 46, 6, 3, '2024-04-30', 'Pending'),
(288, 27, 122, 3, '2024-06-21', 'Denied'),
(289, 118, 81, 1, '2023-05-12', 'Approved'),
(290, 4, 4, 1, '2023-11-06', 'Pending'),
(291, 151, 106, 2, '2023-10-07', 'Pending'),
(292, 97, 132, 1, '2024-06-06', 'Denied'),
(293, 28, 41, 2, '2024-06-21', 'Pending'),
(294, 235, 194, 3, '2024-08-07', 'Pending'),
(295, 223, 228, 1, '2024-03-06', 'Approved'),
(296, 235, 92, 3, '2023-01-09', 'Approved'),
(297, 184, 57, 3, '2023-08-22', 'Denied'),
(298, 108, 179, 1, '2024-08-03', 'Approved'),
(299, 183, 128, 3, '2023-05-21', 'Approved'),
(300, 84, 82, 3, '2024-10-18', 'Pending'),
(301, 219, 97, 2, '2023-11-14', 'Denied'),
(302, 206, 216, 2, '2023-12-12', 'Pending'),
(303, 53, 74, 1, '2024-12-19', 'Denied'),
(304, 71, 71, 2, '2023-07-28', 'Pending'),
(305, 76, 76, 1, '2024-11-19', 'Denied'),
(306, 132, 79, 1, '2023-10-24', 'Approved'),
(307, 183, 94, 3, '2024-12-16', 'Pending'),
(308, 14, 64, 2, '2023-12-16', 'Approved'),
(309, 243, 95, 1, '2023-02-18', 'Approved'),
(310, 99, 175, 2, '2023-08-10', 'Approved'),
(311, 102, 121, 2, '2024-02-01', 'Pending'),
(312, 122, 181, 3, '2023-02-24', 'Approved'),
(313, 89, 98, 1, '2023-06-05', 'Approved'),
(314, 44, 221, 1, '2023-12-20', 'Denied'),
(315, 69, 88, 2, '2024-02-17', 'Denied'),
(316, 179, 192, 1, '2023-07-12', 'Approved'),
(317, 78, 40, 2, '2023-01-11', 'Approved'),
(318, 34, 34, 1, '2023-12-11', 'Denied'),
(319, 237, 172, 2, '2023-03-13', 'Approved'),
(320, 169, 95, 3, '2024-01-18', 'Denied'),
(321, 228, 85, 2, '2023-04-26', 'Denied'),
(322, 236, 109, 1, '2024-10-27', 'Denied'),
(323, 50, 141, 3, '2024-05-30', 'Approved'),
(324, 140, 166, 1, '2023-08-21', 'Pending'),
(325, 144, 14, 1, '2023-11-25', 'Denied'),
(326, 110, 33, 1, '2023-07-06', 'Approved'),
(327, 121, 215, 2, '2024-06-24', 'Approved'),
(328, 135, 226, 1, '2024-02-01', 'Approved'),
(329, 215, 207, 3, '2023-07-12', 'Pending'),
(330, 242, 217, 2, '2023-02-24', 'Approved'),
(331, 145, 71, 2, '2023-11-13', 'Approved'),
(332, 36, 111, 2, '2023-03-02', 'Pending'),
(333, 190, 225, 1, '2023-09-07', 'Approved'),
(334, 216, 257, 3, '2023-08-29', 'Approved'),
(335, 92, 10, 1, '2024-05-07', 'Approved'),
(336, 106, 148, 1, '2024-03-10', 'Pending'),
(337, 171, 38, 2, '2024-12-02', 'Denied'),
(338, 212, 41, 3, '2024-09-27', 'Denied'),
(339, 119, 32, 3, '2024-09-24', 'Approved'),
(340, 51, 51, 3, '2023-03-31', 'Approved'),
(341, 259, 259, 1, '2023-12-06', 'Approved'),
(342, 234, 64, 2, '2024-07-06', 'Denied'),
(343, 63, 48, 2, '2024-02-20', 'Pending'),
(344, 32, 32, 2, '2023-08-17', 'Denied'),
(345, 81, 81, 2, '2023-12-18', 'Denied'),
(346, 121, 219, 3, '2024-10-28', 'Approved'),
(347, 212, 60, 3, '2023-11-24', 'Approved'),
(348, 254, 231, 1, '2023-10-08', 'Approved'),
(349, 140, 127, 2, '2024-10-09', 'Denied'),
(350, 186, 193, 2, '2023-03-17', 'Approved'),
(351, 222, 27, 2, '2024-08-20', 'Pending'),
(352, 234, 259, 2, '2024-11-06', 'Approved'),
(353, 54, 94, 2, '2023-03-24', 'Approved'),
(354, 258, 216, 2, '2023-05-13', 'Approved'),
(355, 116, 116, 1, '2023-04-30', 'Pending'),
(356, 213, 243, 1, '2023-04-12', 'Approved'),
(357, 30, 131, 2, '2023-04-16', 'Approved'),
(358, 2, 194, 3, '2023-12-30', 'Pending'),
(359, 156, 228, 3, '2023-04-13', 'Approved'),
(360, 252, 254, 3, '2024-12-09', 'Approved'),
(361, 18, 61, 1, '2024-09-14', 'Approved'),
(362, 20, 169, 2, '2023-02-11', 'Approved'),
(363, 172, 146, 1, '2024-03-29', 'Pending'),
(364, 135, 58, 2, '2024-10-10', 'Pending'),
(365, 123, 64, 1, '2023-05-17', 'Denied'),
(366, 196, 37, 1, '2023-01-10', 'Pending'),
(367, 57, 201, 1, '2024-08-26', 'Denied'),
(368, 22, 213, 3, '2023-06-26', 'Approved'),
(369, 85, 213, 3, '2024-02-07', 'Pending'),
(370, 34, 160, 3, '2024-02-01', 'Approved'),
(371, 235, 235, 3, '2023-06-20', 'Approved'),
(372, 142, 228, 2, '2023-01-26', 'Denied'),
(373, 148, 195, 3, '2024-02-06', 'Approved'),
(374, 157, 208, 2, '2023-04-17', 'Pending'),
(375, 56, 220, 2, '2024-10-06', 'Approved'),
(376, 19, 3, 1, '2024-11-19', 'Pending'),
(377, 39, 124, 3, '2023-06-15', 'Approved'),
(378, 48, 46, 3, '2024-08-20', 'Approved'),
(379, 191, 130, 2, '2023-09-12', 'Pending'),
(380, 116, 260, 3, '2024-10-23', 'Approved'),
(381, 98, 35, 3, '2023-08-16', 'Denied'),
(382, 142, 251, 2, '2024-12-09', 'Approved'),
(383, 259, 24, 3, '2023-09-22', 'Pending'),
(384, 147, 42, 2, '2024-03-19', 'Approved'),
(385, 59, 157, 2, '2023-08-22', 'Denied'),
(386, 192, 242, 1, '2023-02-22', 'Approved'),
(387, 207, 190, 3, '2024-08-22', 'Approved'),
(388, 102, 118, 2, '2024-05-16', 'Denied'),
(389, 192, 171, 2, '2023-08-16', 'Approved'),
(390, 234, 46, 2, '2023-12-12', 'Pending'),
(391, 8, 175, 2, '2023-01-20', 'Denied'),
(392, 106, 188, 1, '2024-12-30', 'Approved'),
(393, 234, 226, 3, '2024-12-28', 'Pending'),
(394, 128, 229, 1, '2023-06-04', 'Approved'),
(395, 94, 178, 1, '2024-11-04', 'Denied'),
(396, 192, 255, 1, '2023-10-07', 'Approved'),
(397, 123, 123, 2, '2023-10-17', 'Denied'),
(398, 258, 258, 2, '2024-04-21', 'Approved'),
(399, 222, 162, 2, '2024-07-24', 'Approved'),
(400, 54, 184, 2, '2024-04-01', 'Approved'),
(401, 70, 22, 1, '2023-10-05', 'Approved'),
(402, 110, 128, 2, '2024-06-10', 'Approved'),
(403, 138, 115, 3, '2024-12-31', 'Pending'),
(404, 100, 239, 1, '2024-02-22', 'Approved'),
(405, 148, 38, 1, '2023-08-14', 'Approved'),
(406, 56, 224, 1, '2024-10-28', 'Denied'),
(407, 133, 97, 1, '2024-07-24', 'Denied'),
(408, 253, 141, 2, '2024-10-03', 'Pending'),
(409, 130, 169, 2, '2023-10-19', 'Approved'),
(410, 185, 124, 1, '2024-09-16', 'Approved'),
(411, 69, 13, 2, '2023-12-06', 'Approved'),
(412, 193, 200, 3, '2024-11-11', 'Approved'),
(413, 42, 64, 1, '2023-09-24', 'Approved'),
(414, 131, 126, 3, '2024-05-25', 'Pending'),
(415, 51, 200, 3, '2024-07-10', 'Approved'),
(416, 242, 97, 3, '2023-09-12', 'Approved'),
(417, 146, 246, 3, '2023-08-15', 'Approved'),
(418, 166, 60, 3, '2023-04-19', 'Denied'),
(419, 148, 236, 1, '2024-02-12', 'Denied'),
(420, 156, 120, 2, '2023-08-03', 'Approved'),
(421, 143, 66, 1, '2024-03-20', 'Pending'),
(422, 249, 164, 1, '2024-10-27', 'Approved'),
(423, 165, 251, 2, '2024-08-07', 'Approved'),
(424, 115, 87, 3, '2023-11-22', 'Approved'),
(425, 180, 135, 3, '2023-07-19', 'Denied'),
(426, 187, 182, 2, '2023-04-29', 'Pending'),
(427, 2, 92, 1, '2024-06-12', 'Approved'),
(428, 198, 165, 2, '2023-04-09', 'Approved'),
(429, 258, 48, 2, '2024-03-12', 'Denied'),
(430, 163, 163, 1, '2023-07-29', 'Approved'),
(431, 25, 25, 1, '2023-06-04', 'Approved'),
(432, 135, 165, 1, '2024-07-09', 'Pending'),
(433, 188, 86, 3, '2023-04-12', 'Denied'),
(434, 39, 182, 3, '2023-10-08', 'Pending'),
(435, 239, 31, 2, '2024-08-08', 'Denied'),
(436, 68, 122, 3, '2024-04-05', 'Approved'),
(437, 125, 99, 2, '2023-12-01', 'Approved'),
(438, 125, 14, 3, '2024-01-27', 'Denied'),
(439, 30, 60, 1, '2023-07-18', 'Approved'),
(440, 117, 15, 1, '2024-03-21', 'Approved'),
(441, 237, 245, 1, '2024-02-17', 'Denied'),
(442, 101, 103, 2, '2024-01-22', 'Denied'),
(443, 258, 170, 2, '2023-03-12', 'Approved'),
(444, 159, 209, 1, '2023-03-26', 'Pending'),
(445, 100, 13, 1, '2023-10-03', 'Approved'),
(446, 35, 156, 3, '2024-05-24', 'Approved'),
(447, 11, 212, 3, '2023-09-26', 'Approved'),
(448, 194, 106, 2, '2023-05-17', 'Pending'),
(449, 173, 134, 1, '2024-07-11', 'Denied'),
(450, 19, 163, 1, '2023-11-23', 'Pending'),
(451, 139, 165, 2, '2023-08-08', 'Pending'),
(452, 32, 37, 1, '2024-08-13', 'Approved'),
(453, 231, 73, 3, '2024-08-18', 'Denied'),
(454, 183, 161, 3, '2023-10-07', 'Approved'),
(455, 19, 75, 3, '2023-07-01', 'Pending'),
(456, 100, 210, 3, '2023-12-21', 'Denied'),
(457, 75, 148, 1, '2023-06-17', 'Pending'),
(458, 195, 254, 3, '2024-08-28', 'Denied'),
(459, 53, 120, 3, '2023-10-24', 'Denied'),
(460, 9, 203, 3, '2023-04-13', 'Approved'),
(461, 26, 26, 1, '2023-08-10', 'Approved'),
(462, 142, 8, 1, '2023-11-17', 'Approved'),
(463, 81, 127, 1, '2024-06-03', 'Denied'),
(464, 91, 81, 1, '2024-07-29', 'Denied'),
(465, 1, 31, 2, '2023-09-15', 'Pending'),
(466, 152, 152, 1, '2024-10-19', 'Approved'),
(467, 91, 223, 3, '2023-10-31', 'Approved'),
(468, 174, 44, 2, '2024-07-06', 'Approved'),
(469, 178, 178, 1, '2023-01-14', 'Denied'),
(470, 237, 158, 3, '2023-10-04', 'Approved'),
(471, 118, 51, 2, '2023-02-24', 'Pending'),
(472, 49, 49, 3, '2023-09-23', 'Approved'),
(473, 1, 181, 3, '2023-08-12', 'Pending'),
(474, 8, 154, 2, '2024-02-13', 'Denied'),
(475, 127, 127, 1, '2024-08-24', 'Approved'),
(476, 247, 188, 3, '2024-12-10', 'Approved'),
(477, 213, 137, 1, '2023-03-14', 'Pending'),
(478, 54, 14, 3, '2023-01-31', 'Approved'),
(479, 2, 39, 2, '2023-07-02', 'Approved'),
(480, 168, 139, 2, '2023-08-13', 'Approved'),
(481, 36, 238, 3, '2023-11-15', 'Denied'),
(482, 261, 259, 3, '2024-10-15', 'Approved'),
(483, 44, 187, 1, '2024-01-10', 'Denied'),
(484, 100, 35, 3, '2024-01-22', 'Denied'),
(485, 148, 9, 3, '2024-02-19', 'Pending'),
(486, 217, 188, 3, '2024-11-27', 'Denied'),
(487, 147, 67, 2, '2024-05-03', 'Approved'),
(488, 175, 60, 3, '2023-06-06', 'Pending'),
(489, 122, 141, 1, '2024-04-30', 'Pending'),
(490, 154, 25, 3, '2023-12-25', 'Denied'),
(491, 8, 224, 1, '2024-11-14', 'Approved'),
(492, 135, 150, 1, '2024-08-30', 'Denied'),
(493, 41, 241, 2, '2024-11-07', 'Pending'),
(494, 67, 58, 3, '2023-01-16', 'Denied'),
(495, 103, 187, 1, '2023-03-01', 'Approved'),
(496, 248, 168, 1, '2024-06-16', 'Approved'),
(497, 5, 5, 2, '2023-03-16', 'Approved'),
(498, 217, 95, 3, '2024-02-14', 'Denied'),
(499, 163, 159, 1, '2024-08-08', 'Denied'),
(500, 229, 62, 2, '2023-10-21', 'Approved'),
(501, 34, 156, 2, '2024-06-28', 'Approved'),
(502, 6, 29, 3, '2024-09-16', 'Approved'),
(503, 225, 120, 3, '2024-06-03', 'Pending'),
(504, 197, 180, 2, '2024-11-12', 'Denied'),
(505, 170, 191, 3, '2024-10-12', 'Denied'),
(506, 86, 78, 3, '2024-09-21', 'Denied'),
(507, 159, 163, 1, '2024-02-06', 'Approved'),
(508, 43, 43, 2, '2024-05-05', 'Approved'),
(509, 118, 118, 3, '2023-09-14', 'Approved'),
(510, 31, 152, 2, '2024-05-30', 'Denied'),
(511, 74, 144, 1, '2024-10-08', 'Pending'),
(512, 77, 4, 1, '2023-06-02', 'Approved'),
(513, 82, 81, 3, '2024-02-28', 'Approved'),
(514, 105, 105, 2, '2023-10-17', 'Denied'),
(515, 234, 181, 3, '2023-11-11', 'Denied'),
(516, 75, 72, 1, '2024-12-13', 'Pending'),
(517, 45, 21, 2, '2024-06-03', 'Approved'),
(518, 94, 135, 2, '2024-03-21', 'Approved'),
(519, 208, 101, 2, '2023-01-22', 'Denied'),
(520, 202, 124, 3, '2024-03-08', 'Approved'),
(521, 143, 169, 3, '2024-01-19', 'Pending'),
(522, 143, 6, 2, '2023-02-07', 'Approved'),
(523, 202, 188, 3, '2024-07-15', 'Denied'),
(524, 156, 169, 3, '2023-03-17', 'Approved'),
(525, 105, 36, 3, '2023-07-14', 'Approved'),
(526, 243, 166, 1, '2024-09-23', 'Approved'),
(527, 193, 232, 1, '2024-11-19', 'Denied'),
(528, 193, 195, 1, '2024-12-27', 'Approved'),
(529, 209, 209, 1, '2024-12-14', 'Denied'),
(530, 19, 139, 2, '2023-08-19', 'Approved'),
(531, 139, 139, 1, '2023-09-23', 'Pending'),
(532, 72, 140, 1, '2024-10-31', 'Approved'),
(533, 56, 106, 3, '2024-12-01', 'Approved'),
(534, 246, 97, 1, '2023-05-03', 'Approved'),
(535, 59, 75, 2, '2024-02-21', 'Approved'),
(536, 248, 245, 3, '2024-10-20', 'Denied'),
(537, 199, 225, 3, '2024-08-22', 'Approved'),
(538, 223, 249, 1, '2023-08-27', 'Approved'),
(539, 127, 6, 3, '2023-06-05', 'Approved'),
(540, 68, 39, 1, '2024-06-18', 'Denied'),
(541, 181, 177, 2, '2024-06-04', 'Pending'),
(542, 47, 134, 1, '2024-02-15', 'Approved'),
(543, 171, 52, 2, '2023-11-08', 'Approved'),
(544, 84, 84, 1, '2024-10-11', 'Approved'),
(545, 71, 76, 2, '2023-08-24', 'Approved'),
(546, 112, 218, 1, '2024-06-30', 'Approved'),
(547, 205, 205, 1, '2023-03-03', 'Approved'),
(548, 252, 166, 2, '2024-07-02', 'Denied'),
(549, 1, 186, 3, '2023-08-29', 'Approved'),
(550, 46, 119, 2, '2024-01-29', 'Approved'),
(551, 188, 91, 3, '2023-05-10', 'Approved'),
(552, 210, 49, 2, '2023-12-22', 'Denied'),
(553, 102, 45, 3, '2023-10-15', 'Pending'),
(554, 53, 18, 3, '2024-11-01', 'Approved'),
(555, 234, 182, 1, '2023-10-14', 'Approved'),
(556, 141, 18, 2, '2024-08-01', 'Approved'),
(557, 139, 216, 2, '2023-05-21', 'Approved'),
(558, 131, 33, 2, '2024-11-17', 'Denied'),
(559, 7, 212, 1, '2024-03-15', 'Pending'),
(560, 158, 158, 3, '2024-10-27', 'Approved'),
(561, 67, 103, 1, '2023-03-30', 'Pending'),
(562, 231, 102, 2, '2023-11-06', 'Pending'),
(563, 7, 7, 1, '2024-09-11', 'Approved'),
(564, 27, 207, 3, '2024-01-15', 'Approved'),
(565, 173, 173, 3, '2024-09-22', 'Approved'),
(566, 159, 159, 2, '2024-11-19', 'Pending'),
(567, 113, 97, 2, '2023-06-05', 'Approved'),
(568, 36, 28, 2, '2023-04-07', 'Approved'),
(569, 92, 85, 1, '2023-02-14', 'Approved'),
(570, 79, 16, 1, '2023-12-23', 'Denied'),
(571, 57, 57, 3, '2023-04-17', 'Denied'),
(572, 114, 45, 1, '2024-11-13', 'Pending'),
(573, 43, 43, 1, '2024-09-29', 'Approved'),
(574, 251, 94, 2, '2023-01-30', 'Approved'),
(575, 152, 19, 3, '2023-11-09', 'Denied'),
(576, 202, 32, 3, '2023-10-13', 'Approved'),
(577, 31, 124, 2, '2023-11-09', 'Approved'),
(578, 50, 41, 1, '2023-02-24', 'Approved'),
(579, 52, 212, 3, '2023-03-11', 'Approved'),
(580, 145, 72, 1, '2024-01-17', 'Pending'),
(581, 103, 189, 2, '2024-11-20', 'Pending'),
(582, 117, 114, 2, '2024-01-17', 'Approved'),
(583, 104, 38, 3, '2024-11-13', 'Approved'),
(584, 169, 169, 2, '2024-08-07', 'Pending'),
(585, 11, 36, 1, '2023-08-08', 'Approved'),
(586, 195, 192, 2, '2023-01-20', 'Approved'),
(587, 234, 234, 2, '2023-09-23', 'Approved'),
(588, 19, 149, 3, '2023-08-08', 'Approved'),
(589, 51, 51, 2, '2023-01-07', 'Approved'),
(590, 144, 105, 1, '2023-11-10', 'Approved'),
(591, 110, 89, 1, '2023-05-31', 'Denied'),
(592, 227, 258, 2, '2024-09-03', 'Approved'),
(593, 195, 258, 3, '2023-10-10', 'Pending'),
(594, 185, 147, 2, '2024-10-19', 'Approved'),
(595, 8, 253, 2, '2024-10-18', 'Denied'),
(596, 251, 63, 2, '2024-02-07', 'Denied'),
(597, 31, 81, 3, '2024-10-18', 'Approved'),
(598, 105, 109, 1, '2023-07-05', 'Approved'),
(599, 9, 24, 2, '2024-07-11', 'Pending'),
(600, 90, 29, 3, '2024-11-17', 'Approved'),
(601, 38, 158, 1, '2023-10-09', 'Pending'),
(602, 112, 37, 3, '2024-02-13', 'Denied'),
(603, 237, 173, 2, '2023-10-02', 'Denied'),
(604, 12, 188, 2, '2024-08-06', 'Approved'),
(605, 208, 221, 1, '2024-07-29', 'Pending'),
(606, 203, 99, 1, '2023-08-15', 'Pending'),
(607, 100, 74, 3, '2023-12-31', 'Denied'),
(608, 169, 202, 1, '2023-01-18', 'Approved'),
(609, 228, 94, 1, '2024-08-15', 'Approved'),
(610, 162, 73, 3, '2024-09-11', 'Pending'),
(611, 6, 6, 1, '2023-07-30', 'Denied'),
(612, 248, 82, 1, '2024-08-29', 'Denied'),
(613, 146, 15, 3, '2023-10-03', 'Approved'),
(614, 174, 249, 3, '2024-04-03', 'Approved'),
(615, 75, 75, 1, '2023-09-22', 'Approved'),
(616, 86, 114, 3, '2023-07-04', 'Approved'),
(617, 225, 10, 2, '2024-01-31', 'Denied'),
(618, 129, 113, 3, '2024-06-03', 'Approved'),
(619, 149, 50, 2, '2023-08-30', 'Approved'),
(620, 195, 28, 2, '2024-03-15', 'Approved'),
(621, 100, 189, 1, '2024-03-03', 'Approved'),
(622, 40, 233, 1, '2024-09-27', 'Approved'),
(623, 169, 102, 2, '2024-03-13', 'Pending'),
(624, 2, 48, 2, '2023-12-18', 'Pending'),
(625, 233, 124, 2, '2024-01-12', 'Pending'),
(626, 229, 106, 3, '2024-05-13', 'Approved'),
(627, 43, 106, 1, '2023-09-23', 'Denied'),
(628, 64, 168, 2, '2024-05-19', 'Pending'),
(629, 100, 94, 1, '2024-11-21', 'Approved'),
(630, 54, 86, 2, '2024-08-30', 'Approved'),
(631, 176, 31, 2, '2023-03-14', 'Approved'),
(632, 231, 231, 2, '2024-12-03', 'Denied'),
(633, 10, 80, 2, '2023-03-11', 'Approved'),
(634, 4, 205, 1, '2023-10-20', 'Denied'),
(635, 51, 51, 2, '2023-10-31', 'Denied'),
(636, 185, 204, 3, '2023-12-02', 'Approved'),
(637, 51, 175, 1, '2024-07-24', 'Pending'),
(638, 251, 260, 3, '2023-06-08', 'Pending'),
(639, 192, 101, 3, '2024-08-01', 'Pending'),
(640, 111, 82, 3, '2024-03-22', 'Approved'),
(641, 231, 255, 3, '2023-07-31', 'Approved'),
(642, 77, 79, 2, '2023-02-04', 'Approved'),
(643, 144, 144, 3, '2024-10-18', 'Approved'),
(644, 60, 202, 1, '2023-11-16', 'Approved'),
(645, 245, 13, 2, '2023-10-28', 'Denied'),
(646, 15, 112, 3, '2024-01-16', 'Pending'),
(647, 165, 212, 3, '2023-11-30', 'Approved'),
(648, 35, 154, 3, '2023-09-05', 'Pending'),
(649, 88, 250, 1, '2023-02-16', 'Approved'),
(650, 241, 5, 2, '2024-09-05', 'Approved'),
(651, 179, 212, 1, '2024-08-07', 'Pending'),
(652, 92, 143, 2, '2023-07-19', 'Approved'),
(653, 144, 113, 3, '2023-04-18', 'Approved'),
(654, 195, 253, 3, '2023-07-20', 'Approved'),
(655, 236, 91, 1, '2023-01-22', 'Approved'),
(656, 242, 80, 3, '2024-12-23', 'Approved'),
(657, 34, 150, 1, '2024-02-19', 'Approved'),
(658, 111, 52, 1, '2024-06-12', 'Denied'),
(659, 16, 248, 2, '2023-02-06', 'Denied'),
(660, 227, 31, 1, '2023-09-22', 'Pending'),
(661, 140, 222, 2, '2023-05-08', 'Pending'),
(662, 32, 151, 1, '2023-12-22', 'Approved'),
(663, 260, 76, 3, '2024-10-31', 'Approved'),
(664, 79, 79, 2, '2024-11-05', 'Denied'),
(665, 241, 170, 2, '2024-04-30', 'Approved'),
(666, 13, 242, 1, '2023-06-12', 'Denied'),
(667, 10, 10, 3, '2024-01-25', 'Denied'),
(668, 22, 136, 2, '2023-03-15', 'Denied'),
(669, 103, 173, 3, '2023-01-15', 'Approved'),
(670, 238, 174, 3, '2023-06-05', 'Approved'),
(671, 136, 62, 1, '2023-06-07', 'Approved'),
(672, 15, 171, 2, '2024-07-18', 'Pending'),
(673, 21, 226, 2, '2023-07-20', 'Denied'),
(674, 159, 159, 3, '2024-11-07', 'Denied'),
(675, 1, 1, 2, '2023-09-29', 'Approved'),
(676, 212, 195, 2, '2024-02-10', 'Pending'),
(677, 85, 85, 3, '2024-09-01', 'Approved'),
(678, 156, 156, 3, '2024-05-23', 'Pending'),
(679, 149, 172, 3, '2024-10-18', 'Denied'),
(680, 212, 212, 3, '2023-09-01', 'Approved'),
(681, 166, 166, 1, '2023-08-07', 'Denied'),
(682, 25, 103, 2, '2023-09-12', 'Approved'),
(683, 202, 63, 3, '2024-11-20', 'Pending'),
(684, 200, 200, 3, '2023-12-31', 'Denied'),
(685, 100, 100, 2, '2023-12-12', 'Denied'),
(686, 239, 15, 1, '2024-10-04', 'Approved'),
(687, 34, 172, 3, '2023-09-22', 'Denied'),
(688, 110, 110, 2, '2024-01-14', 'Approved'),
(689, 185, 226, 1, '2024-05-07', 'Pending'),
(690, 15, 42, 1, '2023-10-31', 'Approved'),
(691, 22, 12, 3, '2024-08-01', 'Pending'),
(692, 19, 116, 3, '2024-09-04', 'Pending'),
(693, 99, 253, 2, '2023-01-20', 'Approved'),
(694, 118, 44, 2, '2024-08-31', 'Denied'),
(695, 45, 258, 1, '2024-02-04', 'Approved'),
(696, 34, 94, 1, '2024-08-26', 'Denied'),
(697, 157, 222, 1, '2023-12-14', 'Pending'),
(698, 126, 189, 2, '2023-06-19', 'Approved'),
(699, 152, 148, 3, '2023-02-01', 'Denied'),
(700, 72, 102, 1, '2024-05-02', 'Pending'),
(701, 135, 10, 3, '2023-02-07', 'Denied'),
(702, 196, 13, 2, '2024-07-17', 'Approved'),
(703, 64, 135, 2, '2024-03-12', 'Pending'),
(704, 72, 217, 1, '2024-04-16', 'Denied'),
(705, 164, 152, 3, '2024-03-28', 'Denied'),
(706, 144, 31, 1, '2023-07-14', 'Approved'),
(707, 133, 239, 3, '2024-07-05', 'Approved'),
(708, 52, 87, 3, '2024-07-08', 'Approved'),
(709, 124, 50, 3, '2023-03-24', 'Pending'),
(710, 254, 245, 2, '2023-07-02', 'Approved'),
(711, 116, 261, 3, '2023-12-30', 'Approved'),
(712, 22, 212, 2, '2023-08-25', 'Denied'),
(713, 19, 139, 2, '2023-08-19', 'Pending'),
(714, 79, 235, 2, '2023-05-15', 'Denied'),
(715, 237, 237, 1, '2023-09-03', 'Pending'),
(716, 111, 216, 2, '2024-08-20', 'Approved'),
(717, 145, 158, 3, '2023-08-27', 'Pending'),
(718, 95, 22, 1, '2024-11-26', 'Approved'),
(719, 21, 203, 2, '2024-02-05', 'Approved'),
(720, 33, 153, 1, '2023-02-08', 'Approved'),
(721, 202, 94, 1, '2024-09-12', 'Approved'),
(722, 217, 177, 3, '2024-05-24', 'Pending'),
(723, 7, 102, 2, '2024-02-05', 'Denied'),
(724, 144, 144, 1, '2024-05-17', 'Approved'),
(725, 251, 251, 3, '2024-01-29', 'Denied'),
(726, 38, 72, 3, '2023-01-11', 'Pending'),
(727, 211, 96, 2, '2023-03-02', 'Approved'),
(728, 113, 85, 2, '2023-05-15', 'Approved'),
(729, 126, 126, 1, '2024-07-08', 'Pending'),
(730, 255, 255, 2, '2024-03-12', 'Pending'),
(731, 111, 111, 1, '2024-07-18', 'Approved'),
(732, 172, 128, 1, '2023-06-26', 'Pending'),
(733, 72, 37, 2, '2023-03-27', 'Pending'),
(734, 130, 177, 1, '2024-11-07', 'Pending'),
(735, 120, 120, 2, '2024-06-20', 'Approved'),
(736, 108, 108, 3, '2024-09-09', 'Denied'),
(737, 46, 106, 3, '2024-05-20', 'Approved'),
(738, 18, 4, 2, '2023-06-09', 'Approved'),
(739, 93, 32, 3, '2023-04-13', 'Approved'),
(740, 231, 32, 2, '2023-02-02', 'Approved'),
(741, 94, 149, 1, '2023-01-10', 'Pending'),
(742, 5, 167, 1, '2024-06-27', 'Pending'),
(743, 175, 150, 1, '2023-11-16', 'Pending'),
(744, 231, 19, 2, '2023-06-28', 'Approved'),
(745, 166, 226, 2, '2024-05-23', 'Approved'),
(746, 198, 42, 1, '2023-02-14', 'Approved'),
(747, 102, 102, 2, '2023-07-24', 'Approved'),
(748, 261, 49, 2, '2023-02-03', 'Approved'),
(749, 85, 75, 1, '2023-10-25', 'Approved'),
(750, 34, 229, 2, '2023-01-04', 'Approved'),
(751, 10, 10, 1, '2023-04-27', 'Denied'),
(752, 242, 166, 2, '2023-05-05', 'Denied'),
(753, 62, 115, 3, '2023-07-14', 'Denied'),
(754, 167, 244, 2, '2023-05-19', 'Approved'),
(755, 85, 240, 3, '2023-11-25', 'Approved'),
(756, 36, 58, 3, '2024-10-11', 'Approved'),
(757, 139, 101, 3, '2024-06-03', 'Approved'),
(758, 33, 31, 2, '2023-08-10', 'Approved'),
(759, 166, 71, 3, '2023-08-25', 'Approved'),
(760, 1, 258, 2, '2024-03-02', 'Approved'),
(761, 26, 202, 1, '2023-11-16', 'Pending'),
(762, 75, 224, 1, '2024-03-14', 'Approved'),
(763, 215, 85, 3, '2023-03-28', 'Pending'),
(764, 40, 229, 3, '2023-05-27', 'Pending'),
(765, 221, 103, 2, '2023-11-22', 'Approved'),
(766, 64, 216, 2, '2024-03-12', 'Approved'),
(767, 71, 95, 3, '2024-06-07', 'Approved'),
(768, 22, 129, 1, '2024-11-11', 'Approved'),
(769, 174, 7, 2, '2024-12-30', 'Pending'),
(770, 125, 257, 1, '2023-01-20', 'Approved'),
(771, 246, 158, 1, '2024-11-25', 'Approved'),
(772, 137, 186, 1, '2024-02-23', 'Approved'),
(773, 11, 11, 3, '2024-02-27', 'Denied'),
(774, 56, 218, 3, '2023-12-12', 'Approved'),
(775, 212, 253, 2, '2024-05-31', 'Approved'),
(776, 94, 54, 2, '2024-10-14', 'Pending'),
(777, 22, 22, 2, '2024-05-20', 'Approved'),
(778, 157, 79, 3, '2024-12-08', 'Approved'),
(779, 171, 258, 3, '2023-02-07', 'Approved'),
(780, 67, 103, 3, '2023-04-17', 'Approved'),
(781, 54, 169, 3, '2024-06-21', 'Approved'),
(782, 28, 142, 1, '2023-05-26', 'Approved'),
(783, 226, 115, 2, '2024-09-13', 'Approved'),
(784, 176, 222, 1, '2024-07-31', 'Approved'),
(785, 1, 7, 3, '2023-06-06', 'Approved'),
(786, 90, 90, 1, '2024-07-28', 'Pending'),
(787, 127, 127, 2, '2023-06-04', 'Pending'),
(788, 182, 118, 2, '2024-11-13', 'Approved'),
(789, 103, 39, 3, '2024-10-24', 'Approved'),
(790, 134, 252, 2, '2023-09-13', 'Denied'),
(791, 121, 121, 3, '2024-08-05', 'Approved'),
(792, 112, 79, 1, '2024-09-24', 'Approved'),
(793, 69, 69, 2, '2023-06-16', 'Denied'),
(794, 193, 179, 3, '2023-03-09', 'Denied'),
(795, 191, 191, 2, '2023-04-09', 'Approved'),
(796, 163, 163, 2, '2024-10-24', 'Pending'),
(797, 114, 114, 2, '2024-08-25', 'Approved'),
(798, 126, 126, 3, '2024-01-27', 'Denied'),
(799, 261, 170, 1, '2024-02-10', 'Denied'),
(800, 242, 38, 3, '2024-05-06', 'Pending'),
(801, 82, 100, 3, '2024-04-15', 'Pending'),
(802, 114, 114, 3, '2024-11-30', 'Pending'),
(803, 257, 47, 1, '2023-02-14', 'Denied'),
(804, 201, 193, 1, '2023-11-14', 'Approved'),
(805, 96, 79, 2, '2023-01-07', 'Pending'),
(806, 105, 105, 3, '2024-02-28', 'Denied'),
(807, 38, 48, 1, '2024-10-16', 'Pending'),
(808, 109, 54, 2, '2023-12-07', 'Approved'),
(809, 254, 254, 3, '2024-11-12', 'Pending'),
(810, 46, 46, 2, '2023-08-08', 'Denied'),
(811, 86, 168, 1, '2024-09-28', 'Denied'),
(812, 146, 35, 2, '2023-10-12', 'Approved'),
(813, 48, 140, 1, '2023-03-23', 'Denied'),
(814, 225, 55, 3, '2024-02-15', 'Approved'),
(815, 155, 106, 2, '2023-08-19', 'Approved'),
(816, 223, 169, 3, '2024-05-22', 'Approved'),
(817, 227, 104, 3, '2023-05-22', 'Denied'),
(818, 98, 100, 2, '2023-12-28', 'Approved'),
(819, 38, 8, 2, '2024-09-06', 'Pending'),
(820, 257, 9, 2, '2024-01-24', 'Denied'),
(821, 139, 106, 3, '2024-08-28', 'Approved'),
(822, 60, 60, 2, '2024-03-15', 'Denied'),
(823, 27, 96, 3, '2024-01-19', 'Pending'),
(824, 127, 180, 1, '2023-03-28', 'Pending'),
(825, 92, 42, 1, '2023-07-09', 'Denied'),
(826, 22, 192, 3, '2023-09-28', 'Denied'),
(827, 102, 148, 1, '2024-01-23', 'Pending'),
(828, 91, 128, 1, '2023-01-10', 'Approved'),
(829, 186, 186, 2, '2024-02-22', 'Denied'),
(830, 23, 196, 1, '2023-11-25', 'Pending'),
(831, 245, 19, 2, '2024-03-30', 'Approved'),
(832, 32, 135, 2, '2024-10-10', 'Pending'),
(833, 181, 25, 2, '2024-04-20', 'Approved'),
(834, 169, 222, 2, '2023-03-23', 'Approved'),
(835, 161, 70, 3, '2023-06-19', 'Approved'),
(836, 118, 59, 3, '2023-12-26', 'Approved'),
(837, 120, 94, 1, '2024-02-19', 'Approved'),
(838, 253, 39, 2, '2023-01-05', 'Approved'),
(839, 216, 230, 3, '2024-04-23', 'Denied'),
(840, 86, 26, 2, '2023-03-30', 'Approved'),
(841, 7, 150, 1, '2024-09-11', 'Approved'),
(842, 239, 135, 1, '2023-07-11', 'Approved'),
(843, 161, 51, 1, '2024-11-09', 'Pending'),
(844, 203, 76, 2, '2024-04-19', 'Approved'),
(845, 226, 143, 2, '2024-06-11', 'Denied'),
(846, 76, 231, 2, '2023-07-11', 'Approved'),
(847, 258, 258, 2, '2024-01-22', 'Denied'),
(848, 122, 91, 2, '2023-02-20', 'Approved'),
(849, 142, 142, 1, '2023-09-29', 'Approved'),
(850, 253, 28, 1, '2023-10-24', 'Pending'),
(851, 190, 15, 2, '2023-08-25', 'Approved'),
(852, 157, 183, 2, '2024-11-18', 'Approved'),
(853, 213, 5, 3, '2023-02-11', 'Approved'),
(854, 184, 227, 2, '2023-08-07', 'Pending'),
(855, 95, 15, 2, '2023-11-03', 'Pending'),
(856, 212, 115, 2, '2024-12-27', 'Approved'),
(857, 241, 142, 2, '2023-04-06', 'Pending'),
(858, 56, 199, 3, '2023-01-09', 'Approved'),
(859, 90, 240, 2, '2023-06-12', 'Pending'),
(860, 74, 74, 3, '2023-12-14', 'Approved'),
(861, 205, 94, 2, '2023-04-04', 'Pending'),
(862, 187, 154, 1, '2024-01-10', 'Approved'),
(863, 149, 95, 3, '2024-08-30', 'Approved'),
(864, 135, 251, 2, '2024-11-04', 'Denied'),
(865, 73, 73, 3, '2023-11-05', 'Approved'),
(866, 20, 206, 1, '2023-08-26', 'Approved'),
(867, 252, 186, 1, '2024-08-22', 'Pending'),
(868, 138, 138, 1, '2023-01-15', 'Approved'),
(869, 230, 242, 1, '2024-09-24', 'Approved'),
(870, 135, 70, 1, '2023-05-16', 'Denied'),
(871, 3, 20, 2, '2023-09-18', 'Pending'),
(872, 146, 146, 2, '2023-03-01', 'Approved'),
(873, 119, 1, 1, '2023-08-03', 'Pending'),
(874, 140, 122, 3, '2024-10-21', 'Pending'),
(875, 102, 2, 1, '2024-10-07', 'Denied'),
(876, 2, 92, 1, '2024-06-12', 'Approved'),
(877, 58, 212, 1, '2024-02-06', 'Approved'),
(878, 54, 71, 2, '2023-07-14', 'Approved'),
(879, 33, 186, 1, '2024-10-10', 'Denied'),
(880, 135, 119, 3, '2024-04-24', 'Approved'),
(881, 29, 171, 3, '2023-02-21', 'Pending'),
(882, 182, 61, 3, '2023-07-17', 'Approved'),
(883, 112, 112, 2, '2024-12-26', 'Approved'),
(884, 215, 231, 3, '2023-10-05', 'Approved'),
(885, 251, 225, 1, '2024-12-05', 'Pending'),
(886, 154, 8, 3, '2023-12-14', 'Approved'),
(887, 164, 193, 1, '2023-11-27', 'Denied'),
(888, 203, 101, 1, '2023-03-07', 'Denied'),
(889, 195, 150, 1, '2024-09-19', 'Approved'),
(890, 147, 169, 1, '2024-08-06', 'Pending'),
(891, 177, 37, 3, '2023-01-04', 'Pending'),
(892, 194, 194, 1, '2024-04-26', 'Pending'),
(893, 52, 107, 2, '2024-12-16', 'Denied'),
(894, 160, 48, 2, '2024-06-19', 'Approved'),
(895, 47, 257, 3, '2023-07-21', 'Approved'),
(896, 67, 205, 1, '2023-12-07', 'Denied'),
(897, 48, 34, 2, '2023-05-30', 'Denied'),
(898, 24, 181, 1, '2024-06-27', 'Approved'),
(899, 183, 64, 2, '2023-07-15', 'Denied'),
(900, 106, 40, 1, '2023-01-18', 'Approved'),
(901, 169, 245, 1, '2023-05-16', 'Denied'),
(902, 163, 163, 2, '2024-04-18', 'Approved'),
(903, 159, 159, 1, '2024-05-05', 'Denied'),
(904, 87, 252, 2, '2024-07-25', 'Denied'),
(905, 15, 163, 2, '2023-12-26', 'Approved'),
(906, 14, 132, 2, '2023-02-12', 'Approved'),
(907, 77, 77, 1, '2023-11-11', 'Approved'),
(908, 69, 210, 3, '2024-02-16', 'Denied'),
(909, 165, 154, 1, '2023-12-13', 'Approved'),
(910, 203, 203, 2, '2023-10-13', 'Approved'),
(911, 74, 132, 1, '2023-09-18', 'Pending'),
(912, 156, 156, 2, '2023-04-24', 'Approved'),
(913, 51, 88, 3, '2023-06-16', 'Approved'),
(914, 186, 195, 2, '2024-11-15', 'Approved'),
(915, 140, 140, 1, '2024-10-31', 'Approved'),
(916, 86, 177, 1, '2023-10-06', 'Denied'),
(917, 76, 111, 2, '2023-10-24', 'Pending'),
(918, 51, 7, 3, '2024-02-01', 'Approved'),
(919, 86, 48, 1, '2024-03-14', 'Approved'),
(920, 193, 20, 2, '2023-03-21', 'Pending'),
(921, 191, 91, 3, '2023-06-19', 'Pending'),
(922, 183, 183, 2, '2023-07-22', 'Approved'),
(923, 79, 79, 1, '2023-01-31', 'Approved'),
(924, 41, 41, 1, '2023-04-10', 'Approved'),
(925, 57, 198, 1, '2023-01-26', 'Approved'),
(926, 4, 3, 1, '2024-02-07', 'Pending'),
(927, 112, 206, 2, '2024-04-24', 'Pending'),
(928, 97, 103, 2, '2023-03-02', 'Denied'),
(929, 226, 32, 1, '2023-10-24', 'Approved'),
(930, 47, 47, 3, '2024-09-19', 'Approved'),
(931, 13, 224, 1, '2024-08-25', 'Approved'),
(932, 38, 149, 1, '2023-06-09', 'Pending'),
(933, 192, 212, 3, '2024-08-15', 'Approved'),
(934, 74, 45, 1, '2023-05-21', 'Pending'),
(935, 235, 112, 2, '2024-09-29', 'Denied'),
(936, 230, 202, 2, '2024-06-07', 'Approved'),
(937, 150, 183, 1, '2024-06-24', 'Approved'),
(938, 161, 161, 2, '2024-08-13', 'Approved'),
(939, 219, 226, 1, '2024-06-20', 'Denied'),
(940, 111, 92, 3, '2023-09-11', 'Denied'),
(941, 185, 83, 2, '2023-06-28', 'Approved'),
(942, 139, 139, 2, '2023-05-16', 'Approved'),
(943, 49, 98, 3, '2023-09-07', 'Approved'),
(944, 147, 35, 3, '2024-04-17', 'Approved'),
(945, 34, 32, 1, '2024-05-10', 'Approved'),
(946, 253, 1, 1, '2024-01-09', 'Pending'),
(947, 99, 135, 2, '2023-09-28', 'Approved'),
(948, 51, 233, 2, '2023-07-14', 'Approved'),
(949, 58, 211, 3, '2023-02-17', 'Approved'),
(950, 40, 230, 3, '2023-05-05', 'Approved'),
(951, 80, 80, 1, '2023-11-18', 'Denied'),
(952, 163, 38, 3, '2024-09-05', 'Approved'),
(953, 110, 110, 1, '2024-02-12', 'Approved'),
(954, 138, 197, 3, '2023-10-09', 'Denied'),
(955, 210, 203, 2, '2023-08-28', 'Approved'),
(956, 59, 215, 1, '2023-08-24', 'Pending'),
(957, 175, 190, 3, '2024-11-27', 'Denied'),
(958, 174, 170, 1, '2023-05-15', 'Denied'),
(959, 106, 200, 2, '2023-05-01', 'Denied'),
(960, 124, 133, 1, '2024-09-16', 'Denied'),
(961, 123, 123, 3, '2023-03-30', 'Approved'),
(962, 13, 21, 2, '2024-01-02', 'Pending'),
(963, 181, 54, 1, '2023-01-11', 'Denied'),
(964, 212, 124, 3, '2024-05-24', 'Denied'),
(965, 182, 236, 1, '2024-11-19', 'Approved');



INSERT INTO schedule.preferences (preference_id, employee_id, preferred_shifts, weekoffs, notes) VALUES
(1, 1, 'Afternoon,Night', 'Sunday,Monday', 'Prefers Morning'),
(2, 2, 'Night', 'Thursday,Friday', ''),
(3, 3, 'Morning', 'Friday,Saturday', 'Prefers Morning'),
(4, 4, 'Afternoon,Night', 'Saturday,Sunday', 'Prefers Morning'),
(5, 5, 'Morning,Night', 'Sunday,Monday', 'Weekend Off Preferred'),
(6, 6, 'Morning', 'Friday,Saturday', ''),
(7, 7, 'Night', 'Saturday,Sunday', 'Prefers Morning'),
(8, 8, 'Afternoon,Night', 'Saturday,Sunday', 'Avoids Night'),
(9, 9, 'Morning,Night', 'Friday,Saturday', 'Avoids Night'),
(10, 10, 'Morning', 'Sunday,Monday', 'Flexible'),
(11, 11, 'Morning', 'Sunday,Monday', 'Flexible'),
(12, 12, 'Night,Morning', 'Saturday,Sunday', 'Weekend Off Preferred'),
(13, 13, 'Night,Afternoon', 'Thursday,Friday', 'Flexible'),
(14, 14, 'Morning', 'Thursday,Friday', 'Prefers Morning'),
(15, 15, 'Afternoon,Night', 'Saturday,Sunday', 'Weekend Off Preferred'),
(16, 16, 'Night,Afternoon', 'Thursday,Friday', 'Avoids Night'),
(17, 17, 'Night,Morning', 'Friday,Saturday', 'Avoids Night'),
(18, 18, 'Night', 'Sunday,Monday', 'Avoids Night'),
(19, 19, 'Morning', 'Sunday,Monday', ''),
(20, 20, 'Night', 'Thursday,Friday', 'Flexible'),
(21, 21, 'Morning', 'Friday,Saturday', 'Weekend Off Preferred'),
(22, 22, 'Morning', 'Saturday,Sunday', ''),
(23, 23, 'Morning,Afternoon', 'Thursday,Friday', 'Avoids Night'),
(24, 24, 'Night', 'Saturday,Sunday', 'Prefers Morning'),
(25, 25, 'Morning,Night', 'Thursday,Friday', 'Weekend Off Preferred'),
(26, 26, 'Night', 'Sunday,Monday', 'Weekend Off Preferred'),
(27, 27, 'Morning', 'Saturday,Sunday', 'Prefers Morning'),
(28, 28, 'Afternoon', 'Sunday,Monday', ''),
(29, 29, 'Afternoon', 'Thursday,Friday', 'Prefers Morning'),
(30, 30, 'Afternoon', 'Thursday,Friday', 'Weekend Off Preferred'),
(31, 31, 'Morning,Afternoon', 'Sunday,Monday', 'Prefers Morning'),
(32, 32, 'Morning', 'Sunday,Monday', 'Flexible'),
(33, 33, 'Afternoon', 'Friday,Saturday', 'Weekend Off Preferred'),
(34, 34, 'Night', 'Saturday,Sunday', 'Weekend Off Preferred'),
(35, 35, 'Night,Morning', 'Saturday,Sunday', 'Flexible'),
(36, 36, 'Night', 'Sunday,Monday', 'Weekend Off Preferred'),
(37, 37, 'Night,Afternoon', 'Thursday,Friday', 'Flexible'),
(38, 38, 'Night', 'Saturday,Sunday', ''),
(39, 39, 'Afternoon,Morning', 'Friday,Saturday', 'Weekend Off Preferred'),
(40, 40, 'Afternoon', 'Sunday,Monday', 'Weekend Off Preferred'),
(41, 41, 'Night', 'Saturday,Sunday', 'Prefers Morning'),
(42, 42, 'Night,Morning', 'Friday,Saturday', ''),
(43, 43, 'Morning,Afternoon', 'Thursday,Friday', 'Avoids Night'),
(44, 44, 'Afternoon', 'Thursday,Friday', 'Avoids Night'),
(45, 45, 'Morning', 'Friday,Saturday', 'Flexible'),
(46, 46, 'Afternoon,Night', 'Friday,Saturday', 'Weekend Off Preferred'),
(47, 47, 'Morning', 'Sunday,Monday', 'Flexible'),
(48, 48, 'Night,Morning', 'Friday,Saturday', 'Weekend Off Preferred'),
(49, 49, 'Night', 'Sunday,Monday', 'Avoids Night'),
(50, 50, 'Morning', 'Sunday,Monday', 'Flexible'),
(51, 51, 'Morning,Night', 'Sunday,Monday', 'Flexible'),
(52, 52, 'Night,Morning', 'Thursday,Friday', 'Weekend Off Preferred'),
(53, 53, 'Night', 'Saturday,Sunday', 'Flexible'),
(54, 54, 'Morning', 'Saturday,Sunday', 'Weekend Off Preferred'),
(55, 55, 'Afternoon', 'Saturday,Sunday', 'Weekend Off Preferred'),
(56, 56, 'Night,Afternoon', 'Thursday,Friday', ''),
(57, 57, 'Afternoon,Morning', 'Saturday,Sunday', ''),
(58, 58, 'Morning', 'Saturday,Sunday', 'Flexible'),
(59, 59, 'Afternoon', 'Sunday,Monday', 'Avoids Night'),
(60, 60, 'Night', 'Saturday,Sunday', 'Weekend Off Preferred'),
(61, 61, 'Afternoon,Morning', 'Thursday,Friday', 'Avoids Night'),
(62, 62, 'Night', 'Sunday,Monday', 'Prefers Morning'),
(63, 63, 'Afternoon,Night', 'Friday,Saturday', 'Weekend Off Preferred'),
(64, 64, 'Morning,Afternoon', 'Thursday,Friday', 'Prefers Morning'),
(65, 65, 'Afternoon,Morning', 'Thursday,Friday', 'Flexible'),
(66, 66, 'Morning', 'Saturday,Sunday', ''),
(67, 67, 'Night', 'Saturday,Sunday', 'Weekend Off Preferred'),
(68, 68, 'Morning', 'Sunday,Monday', 'Weekend Off Preferred');


INSERT INTO schedule.assignments (assignment_id, employee_id, project_id, shift_id, assignment_date, hours_planned, overlap_minutes, status) VALUES
(1, 241, 1, 1, '2023-01-01', 9, 60, 'Absent'),
(2, 222, 1, 1, '2023-01-01', 9, 60, 'Completed'),
(3, 232, 1, 1, '2023-01-01', 9, 60, 'Scheduled'),
(4, 236, 1, 2, '2023-01-01', 9, 60, 'Completed'),
(5, 61, 1, 2, '2023-01-01', 9, 60, 'Absent'),
(6, 201, 1, 2, '2023-01-01', 9, 60, 'Completed'),
(7, 208, 1, 2, '2023-01-01', 9, 60, 'Completed'),
(8, 21, 1, 2, '2023-01-01', 9, 60, 'Completed'),
(9, 42, 1, 2, '2023-01-01', 9, 60, 'Scheduled'),
(10, 219, 1, 3, '2023-01-01', 9, 60, 'Completed'),
(11, 174, 1, 3, '2023-01-01', 9, 60, 'Completed'),
(12, 168, 1, 3, '2023-01-01', 9, 60, 'Scheduled'),
(13, 260, 1, 3, '2023-01-01', 9, 60, 'Scheduled'),
(14, 29, 1, 3, '2023-01-01', 9, 60, 'Completed'),
(15, 113, 2, 1, '2023-01-01', 9, 60, 'Completed'),
(16, 159, 2, 1, '2023-01-01', 9, 60, 'Completed'),
(17, 90, 2, 1, '2023-01-01', 9, 60, 'Completed'),
(18, 189, 2, 1, '2023-01-01', 9, 60, 'Absent'),
(19, 98, 2, 2, '2023-01-01', 9, 60, 'Completed'),
(20, 52, 2, 2, '2023-01-01', 9, 60, 'Completed'),
(21, 114, 2, 2, '2023-01-01', 9, 60, 'Absent'),
(22, 185, 2, 2, '2023-01-01', 9, 60, 'Completed'),
(23, 97, 2, 3, '2023-01-01', 9, 60, 'Completed'),
(24, 70, 2, 3, '2023-01-01', 9, 60, 'Absent'),
(25, 130, 2, 3, '2023-01-01', 9, 60, 'Scheduled'),
(26, 74, 2, 3, '2023-01-01', 9, 60, 'Completed'),
(27, 48, 2, 3, '2023-01-01', 9, 60, 'Completed'),
(28, 204, 3, 1, '2023-01-01', 9, 60, 'Completed'),
(29, 248, 3, 1, '2023-01-01', 9, 60, 'Completed'),
(30, 23, 3, 1, '2023-01-01', 9, 60, 'Scheduled'),
(31, 100, 3, 1, '2023-01-01', 9, 60, 'Completed'),
(32, 209, 3, 2, '2023-01-01', 9, 60, 'Completed'),
(33, 151, 3, 2, '2023-01-01', 9, 60, 'Completed'),
(34, 186, 3, 2, '2023-01-01', 9, 60, 'Completed'),
(35, 12, 3, 2, '2023-01-01', 9, 60, 'Completed'),
(36, 175, 3, 3, '2023-01-01', 9, 60, 'Completed'),
(37, 26, 3, 3, '2023-01-01', 9, 60, 'Completed'),
(38, 120, 3, 3, '2023-01-01', 9, 60, 'Completed'),
(39, 13, 3, 3, '2023-01-01', 9, 60, 'Completed'),
(40, 226, 3, 3, '2023-01-01', 9, 60, 'Scheduled'),
(41, 14, 4, 1, '2023-01-01', 9, 60, 'Completed'),
(42, 179, 4, 1, '2023-01-01', 9, 60, 'Scheduled'),
(43, 85, 4, 1, '2023-01-01', 9, 60, 'Completed'),
(44, 244, 4, 1, '2023-01-01', 9, 60, 'Completed'),
(45, 157, 4, 2, '2023-01-01', 9, 60, 'Completed'),
(46, 218, 4, 2, '2023-01-01', 9, 60, 'Completed'),
(47, 91, 4, 2, '2023-01-01', 9, 60, 'Completed'),
(48, 173, 4, 2, '2023-01-01', 9, 60, 'Completed'),
(49, 169, 4, 2, '2023-01-01', 9, 60, 'Completed'),
(50, 163, 4, 2, '2023-01-01', 9, 60, 'Completed'),
(51, 170, 4, 3, '2023-01-01', 9, 60, 'Absent'),
(52, 155, 4, 3, '2023-01-01', 9, 60, 'Completed'),
(53, 115, 4, 3, '2023-01-01', 9, 60, 'Completed'),
(54, 111, 4, 3, '2023-01-01', 9, 60, 'Scheduled'),
(55, 126, 4, 3, '2023-01-01', 9, 60, 'Completed'),
(56, 141, 5, 1, '2023-01-01', 9, 60, 'Completed'),
(57, 187, 5, 1, '2023-01-01', 9, 60, 'Scheduled'),
(58, 24, 5, 1, '2023-01-01', 9, 60, 'Completed'),
(59, 154, 5, 1, '2023-01-01', 9, 60, 'Completed'),
(60, 200, 5, 1, '2023-01-01', 9, 60, 'Completed'),
(61, 239, 5, 1, '2023-01-01', 9, 60, 'Completed'),
(62, 137, 5, 2, '2023-01-01', 9, 60, 'Completed'),
(63, 217, 5, 2, '2023-01-01', 9, 60, 'Completed'),
(64, 203, 5, 2, '2023-01-01', 9, 60, 'Completed'),
(65, 167, 5, 2, '2023-01-01', 9, 60, 'Completed'),
(66, 215, 5, 2, '2023-01-01', 9, 60, 'Completed'),
(67, 246, 5, 2, '2023-01-01', 9, 60, 'Absent'),
(68, 178, 5, 3, '2023-01-01', 9, 60, 'Completed'),
(69, 148, 5, 3, '2023-01-01', 9, 60, 'Completed'),
(70, 116, 5, 3, '2023-01-01', 9, 60, 'Completed'),
(71, 15, 5, 3, '2023-01-01', 9, 60, 'Completed'),
(72, 80, 5, 3, '2023-01-01', 9, 60, 'Completed'),
(73, 55, 5, 3, '2023-01-01', 9, 60, 'Scheduled'),
(74, 53, 6, 1, '2023-01-01', 9, 60, 'Completed'),
(75, 188, 6, 1, '2023-01-01', 9, 60, 'Completed'),
(76, 207, 6, 1, '2023-01-01', 9, 60, 'Completed'),
(77, 252, 6, 1, '2023-01-01', 9, 60, 'Completed'),
(78, 256, 6, 1, '2023-01-01', 9, 60, 'Completed'),
(79, 196, 6, 1, '2023-01-01', 9, 60, 'Completed'),
(80, 212, 6, 2, '2023-01-01', 9, 60, 'Completed'),
(81, 161, 6, 2, '2023-01-01', 9, 60, 'Absent'),
(82, 184, 6, 2, '2023-01-01', 9, 60, 'Completed'),
(83, 197, 6, 2, '2023-01-01', 9, 60, 'Completed'),
(84, 149, 6, 2, '2023-01-01', 9, 60, 'Completed'),
(85, 205, 6, 2, '2023-01-01', 9, 60, 'Completed'),
(86, 150, 6, 3, '2023-01-01', 9, 60, 'Completed'),
(87, 88, 6, 3, '2023-01-01', 9, 60, 'Completed'),
(88, 112, 6, 3, '2023-01-01', 9, 60, 'Scheduled'),
(89, 79, 6, 3, '2023-01-01', 9, 60, 'Completed'),
(90, 158, 6, 3, '2023-01-01', 9, 60, 'Completed'),
(91, 172, 6, 3, '2023-01-01', 9, 60, 'Absent'),
(92, 227, 1, 1, '2023-01-02', 9, 60, 'Absent'),
(93, 241, 1, 1, '2023-01-02', 9, 60, 'Completed'),
(94, 222, 1, 1, '2023-01-02', 9, 60, 'Completed'),
(95, 232, 1, 1, '2023-01-02', 9, 60, 'Completed'),
(96, 236, 1, 2, '2023-01-02', 9, 60, 'Completed'),
(97, 61, 1, 2, '2023-01-02', 9, 60, 'Completed'),
(98, 201, 1, 2, '2023-01-02', 9, 60, 'Completed'),
(99, 208, 1, 2, '2023-01-02', 9, 60, 'Scheduled'),
(100, 21, 1, 2, '2023-01-02', 9, 60, 'Absent'),
(101, 42, 1, 2, '2023-01-02', 9, 60, 'Completed'),
(102, 219, 1, 3, '2023-01-02', 9, 60, 'Completed'),
(103, 174, 1, 3, '2023-01-02', 9, 60, 'Completed'),
(104, 168, 1, 3, '2023-01-02', 9, 60, 'Absent'),
(105, 260, 1, 3, '2023-01-02', 9, 60, 'Completed'),
(106, 29, 1, 3, '2023-01-02', 9, 60, 'Completed'),
(107, 113, 2, 1, '2023-01-02', 9, 60, 'Completed'),
(108, 159, 2, 1, '2023-01-02', 9, 60, 'Scheduled'),
(109, 90, 2, 1, '2023-01-02', 9, 60, 'Completed'),
(110, 189, 2, 1, '2023-01-02', 9, 60, 'Absent'),
(111, 98, 2, 2, '2023-01-02', 9, 60, 'Completed'),
(112, 52, 2, 2, '2023-01-02', 9, 60, 'Completed'),
(113, 114, 2, 2, '2023-01-02', 9, 60, 'Completed'),
(114, 185, 2, 2, '2023-01-02', 9, 60, 'Completed'),
(115, 97, 2, 3, '2023-01-02', 9, 60, 'Absent'),
(116, 70, 2, 3, '2023-01-02', 9, 60, 'Absent'),
(117, 130, 2, 3, '2023-01-02', 9, 60, 'Completed'),
(118, 74, 2, 3, '2023-01-02', 9, 60, 'Completed'),
(119, 48, 2, 3, '2023-01-02', 9, 60, 'Scheduled'),
(120, 204, 3, 1, '2023-01-02', 9, 60, 'Completed'),
(121, 248, 3, 1, '2023-01-02', 9, 60, 'Completed'),
(122, 23, 3, 1, '2023-01-02', 9, 60, 'Absent'),
(123, 100, 3, 1, '2023-01-02', 9, 60, 'Completed'),
(124, 209, 3, 2, '2023-01-02', 9, 60, 'Completed'),
(125, 151, 3, 2, '2023-01-02', 9, 60, 'Completed'),
(126, 186, 3, 2, '2023-01-02', 9, 60, 'Completed'),
(127, 12, 3, 2, '2023-01-02', 9, 60, 'Absent'),
(128, 175, 3, 3, '2023-01-02', 9, 60, 'Completed'),
(129, 26, 3, 3, '2023-01-02', 9, 60, 'Completed'),
(130, 120, 3, 3, '2023-01-02', 9, 60, 'Completed'),
(131, 13, 3, 3, '2023-01-02', 9, 60, 'Completed'),
(132, 226, 3, 3, '2023-01-02', 9, 60, 'Scheduled'),
(133, 14, 4, 1, '2023-01-02', 9, 60, 'Completed'),
(134, 179, 4, 1, '2023-01-02', 9, 60, 'Scheduled'),
(135, 85, 4, 1, '2023-01-02', 9, 60, 'Completed'),
(136, 244, 4, 1, '2023-01-02', 9, 60, 'Completed'),
(137, 157, 4, 2, '2023-01-02', 9, 60, 'Completed'),
(138, 218, 4, 2, '2023-01-02', 9, 60, 'Completed'),
(139, 91, 4, 2, '2023-01-02', 9, 60, 'Scheduled'),
(140, 173, 4, 2, '2023-01-02', 9, 60, 'Completed'),
(141, 169, 4, 2, '2023-01-02', 9, 60, 'Completed'),
(142, 163, 4, 2, '2023-01-02', 9, 60, 'Completed'),
(143, 170, 4, 3, '2023-01-02', 9, 60, 'Absent'),
(144, 155, 4, 3, '2023-01-02', 9, 60, 'Completed'),
(145, 115, 4, 3, '2023-01-02', 9, 60, 'Completed'),
(146, 111, 4, 3, '2023-01-02', 9, 60, 'Scheduled'),
(147, 126, 4, 3, '2023-01-02', 9, 60, 'Completed'),
(148, 141, 5, 1, '2023-01-02', 9, 60, 'Completed'),
(149, 187, 5, 1, '2023-01-02', 9, 60, 'Absent'),
(150, 24, 5, 1, '2023-01-02', 9, 60, 'Completed'),
(151, 154, 5, 1, '2023-01-02', 9, 60, 'Completed'),
(152, 200, 5, 1, '2023-01-02', 9, 60, 'Completed'),
(153, 239, 5, 1, '2023-01-02', 9, 60, 'Completed'),
(154, 137, 5, 2, '2023-01-02', 9, 60, 'Completed'),
(155, 217, 5, 2, '2023-01-02', 9, 60, 'Completed'),
(156, 203, 5, 2, '2023-01-02', 9, 60, 'Completed'),
(157, 167, 5, 2, '2023-01-02', 9, 60, 'Completed'),
(158, 215, 5, 2, '2023-01-02', 9, 60, 'Scheduled'),
(159, 246, 5, 2, '2023-01-02', 9, 60, 'Absent'),
(160, 178, 5, 3, '2023-01-02', 9, 60, 'Completed'),
(161, 148, 5, 3, '2023-01-02', 9, 60, 'Completed'),
(162, 116, 5, 3, '2023-01-02', 9, 60, 'Completed'),
(163, 15, 5, 3, '2023-01-02', 9, 60, 'Completed'),
(164, 80, 5, 3, '2023-01-02', 9, 60, 'Completed'),
(165, 55, 5, 3, '2023-01-02', 9, 60, 'Scheduled'),
(166, 53, 6, 1, '2023-01-02', 9, 60, 'Completed'),
(167, 188, 6, 1, '2023-01-02', 9, 60, 'Scheduled'),
(168, 207, 6, 1, '2023-01-02', 9, 60, 'Completed'),
(169, 252, 6, 1, '2023-01-02', 9, 60, 'Completed'),
(170, 256, 6, 1, '2023-01-02', 9, 60, 'Completed'),
(171, 196, 6, 1, '2023-01-02', 9, 60, 'Completed'),
(172, 212, 6, 2, '2023-01-02', 9, 60, 'Completed'),
(173, 161, 6, 2, '2023-01-02', 9, 60, 'Completed'),
(174, 184, 6, 2, '2023-01-02', 9, 60, 'Completed'),
(175, 197, 6, 2, '2023-01-02', 9, 60, 'Completed'),
(176, 149, 6, 2, '2023-01-02', 9, 60, 'Completed'),
(177, 205, 6, 2, '2023-01-02', 9, 60, 'Completed'),
(178, 150, 6, 3, '2023-01-02', 9, 60, 'Scheduled'),
(179, 88, 6, 3, '2023-01-02', 9, 60, 'Completed'),
(180, 112, 6, 3, '2023-01-02', 9, 60, 'Completed'),
(181, 79, 6, 3, '2023-01-02', 9, 60, 'Completed'),
(182, 158, 6, 3, '2023-01-02', 9, 60, 'Completed'),
(183, 172, 6, 3, '2023-01-02', 9, 60, 'Absent'),
(184, 183, 1, 1, '2023-01-03', 9, 60, 'Completed'),
(185, 227, 1, 1, '2023-01-03', 9, 60, 'Absent'),
(186, 241, 1, 1, '2023-01-03', 9, 60, 'Completed'),
(187, 222, 1, 1, '2023-01-03', 9, 60, 'Completed'),
(188, 232, 1, 1, '2023-01-03', 9, 60, 'Completed'),
(189, 236, 1, 2, '2023-01-03', 9, 60, 'Completed'),
(190, 61, 1, 2, '2023-01-03', 9, 60, 'Completed'),
(191, 201, 1, 2, '2023-01-03', 9, 60, 'Completed'),
(192, 208, 1, 2, '2023-01-03', 9, 60, 'Scheduled'),
(193, 21, 1, 2, '2023-01-03', 9, 60, 'Completed'),
(194, 42, 1, 2, '2023-01-03', 9, 60, 'Scheduled'),
(195, 219, 1, 3, '2023-01-03', 9, 60, 'Absent'),
(196, 174, 1, 3, '2023-01-03', 9, 60, 'Completed'),
(197, 168, 1, 3, '2023-01-03', 9, 60, 'Absent'),
(198, 260, 1, 3, '2023-01-03', 9, 60, 'Completed'),
(199, 29, 1, 3, '2023-01-03', 9, 60, 'Completed'),
(200, 113, 2, 1, '2023-01-03', 9, 60, 'Completed'),
(201, 159, 2, 1, '2023-01-03', 9, 60, 'Absent'),
(202, 90, 2, 1, '2023-01-03', 9, 60, 'Completed'),
(203, 189, 2, 1, '2023-01-03', 9, 60, 'Completed'),
(204, 98, 2, 2, '2023-01-03', 9, 60, 'Completed'),
(205, 52, 2, 2, '2023-01-03', 9, 60, 'Completed'),
(206, 114, 2, 2, '2023-01-03', 9, 60, 'Completed'),
(207, 185, 2, 2, '2023-01-03', 9, 60, 'Absent'),
(208, 97, 2, 3, '2023-01-03', 9, 60, 'Absent'),
(209, 70, 2, 3, '2023-01-03', 9, 60, 'Absent'),
(210, 130, 2, 3, '2023-01-03', 9, 60, 'Completed'),
(211, 74, 2, 3, '2023-01-03', 9, 60, 'Completed'),
(212, 48, 2, 3, '2023-01-03', 9, 60, 'Scheduled'),
(213, 204, 3, 1, '2023-01-03', 9, 60, 'Completed'),
(214, 248, 3, 1, '2023-01-03', 9, 60, 'Completed'),
(215, 23, 3, 1, '2023-01-03', 9, 60, 'Absent'),
(216, 100, 3, 1, '2023-01-03', 9, 60, 'Completed'),
(217, 209, 3, 2, '2023-01-03', 9, 60, 'Completed'),
(218, 151, 3, 2, '2023-01-03', 9, 60, 'Completed'),
(219, 186, 3, 2, '2023-01-03', 9, 60, 'Completed'),
(220, 12, 3, 2, '2023-01-03', 9, 60, 'Absent'),
(221, 175, 3, 3, '2023-01-03', 9, 60, 'Completed'),
(222, 26, 3, 3, '2023-01-03', 9, 60, 'Completed'),
(223, 120, 3, 3, '2023-01-03', 9, 60, 'Completed'),
(224, 13, 3, 3, '2023-01-03', 9, 60, 'Completed'),
(225, 226, 3, 3, '2023-01-03', 9, 60, 'Scheduled'),
(226, 14, 4, 1, '2023-01-03', 9, 60, 'Completed'),
(227, 179, 4, 1, '2023-01-03', 9, 60, 'Completed'),
(228, 85, 4, 1, '2023-01-03', 9, 60, 'Completed'),
(229, 244, 4, 1, '2023-01-03', 9, 60, 'Completed'),
(230, 157, 4, 2, '2023-01-03', 9, 60, 'Completed'),
(231, 218, 4, 2, '2023-01-03', 9, 60, 'Scheduled'),
(232, 91, 4, 2, '2023-01-03', 9, 60, 'Completed'),
(233, 173, 4, 2, '2023-01-03', 9, 60, 'Completed'),
(234, 169, 4, 2, '2023-01-03', 9, 60, 'Completed'),
(235, 163, 4, 2, '2023-01-03', 9, 60, 'Completed'),
(236, 170, 4, 3, '2023-01-03', 9, 60, 'Absent'),
(237, 155, 4, 3, '2023-01-03', 9, 60, 'Completed'),
(238, 115, 4, 3, '2023-01-03', 9, 60, 'Completed'),
(239, 111, 4, 3, '2023-01-03', 9, 60, 'Completed'),
(240, 126, 4, 3, '2023-01-03', 9, 60, 'Scheduled'),
(241, 141, 5, 1, '2023-01-03', 9, 60, 'Completed'),
(242, 187, 5, 1, '2023-01-03', 9, 60, 'Absent'),
(243, 24, 5, 1, '2023-01-03', 9, 60, 'Completed'),
(244, 154, 5, 1, '2023-01-03', 9, 60, 'Completed'),
(245, 200, 5, 1, '2023-01-03', 9, 60, 'Completed'),
(246, 239, 5, 1, '2023-01-03', 9, 60, 'Completed'),
(247, 137, 5, 2, '2023-01-03', 9, 60, 'Completed'),
(248, 217, 5, 2, '2023-01-03', 9, 60, 'Scheduled'),
(249, 203, 5, 2, '2023-01-03', 9, 60, 'Completed'),
(250, 167, 5, 2, '2023-01-03', 9, 60, 'Completed'),
(251, 215, 5, 2, '2023-01-03', 9, 60, 'Scheduled'),
(252, 246, 5, 2, '2023-01-03', 9, 60, 'Absent'),
(253, 178, 5, 3, '2023-01-03', 9, 60, 'Completed'),
(254, 148, 5, 3, '2023-01-03', 9, 60, 'Completed'),
(255, 116, 5, 3, '2023-01-03', 9, 60, 'Completed'),
(256, 15, 5, 3, '2023-01-03', 9, 60, 'Completed'),
(257, 80, 5, 3, '2023-01-03', 9, 60, 'Completed'),
(258, 55, 5, 3, '2023-01-03', 9, 60, 'Scheduled'),
(259, 53, 6, 1, '2023-01-03', 9, 60, 'Completed'),
(260, 188, 6, 1, '2023-01-03', 9, 60, 'Absent'),
(261, 207, 6, 1, '2023-01-03', 9, 60, 'Completed'),
(262, 252, 6, 1, '2023-01-03', 9, 60, 'Completed'),
(263, 256, 6, 1, '2023-01-03', 9, 60, 'Completed'),
(264, 196, 6, 1, '2023-01-03', 9, 60, 'Completed'),
(265, 212, 6, 2, '2023-01-03', 9, 60, 'Completed'),
(266, 161, 6, 2, '2023-01-03', 9, 60, 'Completed'),
(267, 184, 6, 2, '2023-01-03', 9, 60, 'Completed'),
(268, 197, 6, 2, '2023-01-03', 9, 60, 'Scheduled'),
(269, 149, 6, 2, '2023-01-03', 9, 60, 'Completed'),
(270, 205, 6, 2, '2023-01-03', 9, 60, 'Completed'),
(271, 150, 6, 3, '2023-01-03', 9, 60, 'Scheduled'),
(272, 88, 6, 3, '2023-01-03', 9, 60, 'Completed'),
(273, 112, 6, 3, '2023-01-03', 9, 60, 'Completed'),
(274, 79, 6, 3, '2023-01-03', 9, 60, 'Completed'),
(275, 158, 6, 3, '2023-01-03', 9, 60, 'Completed'),
(276, 172, 6, 3, '2023-01-03', 9, 60, 'Absent'),
(277, 241, 1, 1, '2023-01-04', 9, 60, 'Completed'),
(278, 222, 1, 1, '2023-01-04', 9, 60, 'Completed'),
(279, 232, 1, 1, '2023-01-04', 9, 60, 'Scheduled'),
(280, 236, 1, 2, '2023-01-04', 9, 60, 'Completed'),
(281, 61, 1, 2, '2023-01-04', 9, 60, 'Completed'),
(282, 201, 1, 2, '2023-01-04', 9, 60, 'Completed'),
(283, 208, 1, 2, '2023-01-04', 9, 60, 'Scheduled'),
(284, 21, 1, 2, '2023-01-04', 9, 60, 'Completed'),
(285, 42, 1, 2, '2023-01-04', 9, 60, 'Completed'),
(286, 219, 1, 3, '2023-01-04', 9, 60, 'Absent'),
(287, 174, 1, 3, '2023-01-04', 9, 60, 'Completed'),
(288, 168, 1, 3, '2023-01-04', 9, 60, 'Completed'),
(289, 260, 1, 3, '2023-01-04', 9, 60, 'Completed'),
(290, 29, 1, 3, '2023-01-04', 9, 60, 'Completed'),
(291, 113, 2, 1, '2023-01-04', 9, 60, 'Completed'),
(292, 159, 2, 1, '2023-01-04', 9, 60, 'Completed'),
(293, 90, 2, 1, '2023-01-04', 9, 60, 'Completed'),
(294, 189, 2, 1, '2023-01-04', 9, 60, 'Completed'),
(295, 98, 2, 2, '2023-01-04', 9, 60, 'Completed'),
(296, 52, 2, 2, '2023-01-04', 9, 60, 'Completed'),
(297, 114, 2, 2, '2023-01-04', 9, 60, 'Scheduled'),
(298, 185, 2, 2, '2023-01-04', 9, 60, 'Absent'),
(299, 97, 2, 3, '2023-01-04', 9, 60, 'Absent'),
(300, 70, 2, 3, '2023-01-04', 9, 60, 'Absent'),
(301, 130, 2, 3, '2023-01-04', 9, 60, 'Scheduled'),
(302, 74, 2, 3, '2023-01-04', 9, 60, 'Completed'),
(303, 48, 2, 3, '2023-01-04', 9, 60, 'Completed'),
(304, 204, 3, 1, '2023-01-04', 9, 60, 'Completed'),
(305, 248, 3, 1, '2023-01-04', 9, 60, 'Completed'),
(306, 23, 3, 1, '2023-01-04', 9, 60, 'Absent'),
(307, 100, 3, 1, '2023-01-04', 9, 60, 'Completed'),
(308, 209, 3, 2, '2023-01-04', 9, 60, 'Completed'),
(309, 151, 3, 2, '2023-01-04', 9, 60, 'Completed'),
(310, 186, 3, 2, '2023-01-04', 9, 60, 'Completed'),
(311, 12, 3, 2, '2023-01-04', 9, 60, 'Absent'),
(312, 175, 3, 3, '2023-01-04', 9, 60, 'Completed'),
(313, 26, 3, 3, '2023-01-04', 9, 60, 'Completed'),
(314, 120, 3, 3, '2023-01-04', 9, 60, 'Completed'),
(315, 13, 3, 3, '2023-01-04', 9, 60, 'Completed'),
(316, 226, 3, 3, '2023-01-04', 9, 60, 'Scheduled'),
(317, 14, 4, 1, '2023-01-04', 9, 60, 'Completed'),
(318, 179, 4, 1, '2023-01-04', 9, 60, 'Completed'),
(319, 85, 4, 1, '2023-01-04', 9, 60, 'Completed'),
(320, 244, 4, 1, '2023-01-04', 9, 60, 'Completed'),
(321, 157, 4, 2, '2023-01-04', 9, 60, 'Scheduled'),
(322, 218, 4, 2, '2023-01-04', 9, 60, 'Completed'),
(323, 91, 4, 2, '2023-01-04', 9, 60, 'Completed'),
(324, 173, 4, 2, '2023-01-04', 9, 60, 'Completed'),
(325, 169, 4, 2, '2023-01-04', 9, 60, 'Completed'),
(326, 163, 4, 2, '2023-01-04', 9, 60, 'Completed'),
(327, 170, 4, 3, '2023-01-04', 9, 60, 'Absent'),
(328, 155, 4, 3, '2023-01-04', 9, 60, 'Completed'),
(329, 115, 4, 3, '2023-01-04', 9, 60, 'Completed'),
(330, 111, 4, 3, '2023-01-04', 9, 60, 'Scheduled'),
(331, 126, 4, 3, '2023-01-04', 9, 60, 'Completed'),
(332, 141, 5, 1, '2023-01-04', 9, 60, 'Completed'),
(333, 187, 5, 1, '2023-01-04', 9, 60, 'Absent'),
(334, 24, 5, 1, '2023-01-04', 9, 60, 'Completed'),
(335, 154, 5, 1, '2023-01-04', 9, 60, 'Completed'),
(336, 200, 5, 1, '2023-01-04', 9, 60, 'Completed'),
(337, 239, 5, 1, '2023-01-04', 9, 60, 'Completed'),
(338, 137, 5, 2, '2023-01-04', 9, 60, 'Scheduled'),
(339, 217, 5, 2, '2023-01-04', 9, 60, 'Completed'),
(340, 203, 5, 2, '2023-01-04', 9, 60, 'Completed'),
(341, 167, 5, 2, '2023-01-04', 9, 60, 'Completed'),
(342, 215, 5, 2, '2023-01-04', 9, 60, 'Completed'),
(343, 246, 5, 2, '2023-01-04', 9, 60, 'Absent'),
(344, 178, 5, 3, '2023-01-04', 9, 60, 'Completed'),
(345, 148, 5, 3, '2023-01-04', 9, 60, 'Completed'),
(346, 116, 5, 3, '2023-01-04', 9, 60, 'Completed'),
(347, 15, 5, 3, '2023-01-04', 9, 60, 'Completed'),
(348, 80, 5, 3, '2023-01-04', 9, 60, 'Completed'),
(349, 55, 5, 3, '2023-01-04', 9, 60, 'Scheduled'),
(350, 53, 6, 1, '2023-01-04', 9, 60, 'Completed'),
(351, 188, 6, 1, '2023-01-04', 9, 60, 'Absent'),
(352, 207, 6, 1, '2023-01-04', 9, 60, 'Completed'),
(353, 252, 6, 1, '2023-01-04', 9, 60, 'Completed'),
(354, 256, 6, 1, '2023-01-04', 9, 60, 'Completed'),
(355, 196, 6, 1, '2023-01-04', 9, 60, 'Completed'),
(356, 212, 6, 2, '2023-01-04', 9, 60, 'Completed'),
(357, 161, 6, 2, '2023-01-04', 9, 60, 'Scheduled'),
(358, 184, 6, 2, '2023-01-04', 9, 60, 'Completed'),
(359, 197, 6, 2, '2023-01-04', 9, 60, 'Completed'),
(360, 149, 6, 2, '2023-01-04', 9, 60, 'Completed'),
(361, 205, 6, 2, '2023-01-04', 9, 60, 'Completed'),
(362, 150, 6, 3, '2023-01-04', 9, 60, 'Completed'),
(363, 88, 6, 3, '2023-01-04', 9, 60, 'Completed'),
(364, 112, 6, 3, '2023-01-04', 9, 60, 'Completed'),
(365, 79, 6, 3, '2023-01-04', 9, 60, 'Completed'),
(366, 158, 6, 3, '2023-01-04', 9, 60, 'Scheduled'),
(367, 172, 6, 3, '2023-01-04', 9, 60, 'Absent'),
(368, 183, 1, 1, '2023-01-05', 9, 60, 'Completed'),
(369, 227, 1, 1, '2023-01-05', 9, 60, 'Absent'),
(370, 241, 1, 1, '2023-01-05', 9, 60, 'Completed'),
(371, 222, 1, 1, '2023-01-05', 9, 60, 'Completed'),
(372, 232, 1, 1, '2023-01-05', 9, 60, 'Scheduled'),
(373, 236, 1, 2, '2023-01-05', 9, 60, 'Completed'),
(374, 61, 1, 2, '2023-01-05', 9, 60, 'Completed'),
(375, 201, 1, 2, '2023-01-05', 9, 60, 'Completed'),
(376, 208, 1, 2, '2023-01-05', 9, 60, 'Scheduled'),
(377, 21, 1, 2, '2023-01-05', 9, 60, 'Completed'),
(378, 42, 1, 2, '2023-01-05', 9, 60, 'Completed'),
(379, 219, 1, 3, '2023-01-05', 9, 60, 'Absent'),
(380, 174, 1, 3, '2023-01-05', 9, 60, 'Completed'),
(381, 168, 1, 3, '2023-01-05', 9, 60, 'Completed'),
(382, 260, 1, 3, '2023-01-05', 9, 60, 'Completed'),
(383, 29, 1, 3, '2023-01-05', 9, 60, 'Completed'),
(384, 113, 2, 1, '2023-01-05', 9, 60, 'Completed'),
(385, 159, 2, 1, '2023-01-05', 9, 60, 'Completed'),
(386, 90, 2, 1, '2023-01-05', 9, 60, 'Completed'),
(387, 189, 2, 1, '2023-01-05', 9, 60, 'Completed'),
(388, 98, 2, 2, '2023-01-05', 9, 60, 'Completed'),
(389, 52, 2, 2, '2023-01-05', 9, 60, 'Completed'),
(390, 114, 2, 2, '2023-01-05', 9, 60, 'Scheduled'),
(391, 185, 2, 2, '2023-01-05', 9, 60, 'Absent'),
(392, 97, 2, 3, '2023-01-05', 9, 60, 'Absent'),
(393, 70, 2, 3, '2023-01-05', 9, 60, 'Absent'),
(394, 130, 2, 3, '2023-01-05', 9, 60, 'Completed'),
(395, 74, 2, 3, '2023-01-05', 9, 60, 'Completed'),
(396, 48, 2, 3, '2023-01-05', 9, 60, 'Completed'),
(397, 204, 3, 1, '2023-01-05', 9, 60, 'Completed'),
(398, 248, 3, 1, '2023-01-05', 9, 60, 'Scheduled'),
(399, 23, 3, 1, '2023-01-05', 9, 60, 'Absent'),
(400, 100, 3, 1, '2023-01-05', 9, 60, 'Completed'),
(401, 209, 3, 2, '2023-01-05', 9, 60, 'Completed'),
(402, 151, 3, 2, '2023-01-05', 9, 60, 'Completed'),
(403, 186, 3, 2, '2023-01-05', 9, 60, 'Completed'),
(404, 12, 3, 2, '2023-01-05', 9, 60, 'Absent'),
(405, 175, 3, 3, '2023-01-05', 9, 60, 'Completed'),
(406, 26, 3, 3, '2023-01-05', 9, 60, 'Scheduled'),
(407, 120, 3, 3, '2023-01-05', 9, 60, 'Completed'),
(408, 13, 3, 3, '2023-01-05', 9, 60, 'Completed'),
(409, 226, 3, 3, '2023-01-05', 9, 60, 'Scheduled'),
(410, 14, 4, 1, '2023-01-05', 9, 60, 'Completed'),
(411, 179, 4, 1, '2023-01-05', 9, 60, 'Completed'),
(412, 85, 4, 1, '2023-01-05', 9, 60, 'Completed'),
(413, 244, 4, 1, '2023-01-05', 9, 60, 'Completed'),
(414, 157, 4, 2, '2023-01-05', 9, 60, 'Completed'),
(415, 218, 4, 2, '2023-01-05', 9, 60, 'Completed'),
(416, 91, 4, 2, '2023-01-05', 9, 60, 'Scheduled'),
(417, 173, 4, 2, '2023-01-05', 9, 60, 'Completed'),
(418, 169, 4, 2, '2023-01-05', 9, 60, 'Completed'),
(419, 163, 4, 2, '2023-01-05', 9, 60, 'Completed'),
(420, 170, 4, 3, '2023-01-05', 9, 60, 'Absent'),
(421, 155, 4, 3, '2023-01-05', 9, 60, 'Completed'),
(422, 115, 4, 3, '2023-01-05', 9, 60, 'Completed'),
(423, 111, 4, 3, '2023-01-05', 9, 60, 'Completed'),
(424, 126, 4, 3, '2023-01-05', 9, 60, 'Scheduled'),
(425, 141, 5, 1, '2023-01-05', 9, 60, 'Completed'),
(426, 187, 5, 1, '2023-01-05', 9, 60, 'Absent'),
(427, 24, 5, 1, '2023-01-05', 9, 60, 'Completed'),
(428, 154, 5, 1, '2023-01-05', 9, 60, 'Completed'),
(429, 200, 5, 1, '2023-01-05', 9, 60, 'Completed'),
(430, 239, 5, 1, '2023-01-05', 9, 60, 'Completed'),
(431, 137, 5, 2, '2023-01-05', 9, 60, 'Completed'),
(432, 217, 5, 2, '2023-01-05', 9, 60, 'Completed'),
(433, 203, 5, 2, '2023-01-05', 9, 60, 'Completed'),
(434, 167, 5, 2, '2023-01-05', 9, 60, 'Completed'),
(435, 215, 5, 2, '2023-01-05', 9, 60, 'Completed'),
(436, 246, 5, 2, '2023-01-05', 9, 60, 'Absent'),
(437, 178, 5, 3, '2023-01-05', 9, 60, 'Completed'),
(438, 148, 5, 3, '2023-01-05', 9, 60, 'Completed'),
(439, 116, 5, 3, '2023-01-05', 9, 60, 'Scheduled'),
(440, 15, 5, 3, '2023-01-05', 9, 60, 'Completed'),
(441, 80, 5, 3, '2023-01-05', 9, 60, 'Completed'),
(442, 55, 5, 3, '2023-01-05', 9, 60, 'Scheduled'),
(443, 53, 6, 1, '2023-01-05', 9, 60, 'Completed'),
(444, 188, 6, 1, '2023-01-05', 9, 60, 'Absent'),
(445, 207, 6, 1, '2023-01-05', 9, 60, 'Scheduled'),
(446, 252, 6, 1, '2023-01-05', 9, 60, 'Completed'),
(447, 256, 6, 1, '2023-01-05', 9, 60, 'Completed'),
(448, 196, 6, 1, '2023-01-05', 9, 60, 'Completed'),
(449, 212, 6, 2, '2023-01-05', 9, 60, 'Completed'),
(450, 161, 6, 2, '2023-01-05', 9, 60, 'Completed'),
(451, 184, 6, 2, '2023-01-05', 9, 60, 'Completed'),
(452, 197, 6, 2, '2023-01-05', 9, 60, 'Scheduled'),
(453, 149, 6, 2, '2023-01-05', 9, 60, 'Completed'),
(454, 205, 6, 2, '2023-01-05', 9, 60, 'Completed'),
(455, 150, 6, 3, '2023-01-05', 9, 60, 'Scheduled'),
(456, 88, 6, 3, '2023-01-05', 9, 60, 'Completed'),
(457, 112, 6, 3, '2023-01-05', 9, 60, 'Completed'),
(458, 79, 6, 3, '2023-01-05', 9, 60, 'Completed'),
(459, 158, 6, 3, '2023-01-05', 9, 60, 'Completed'),
(460, 172, 6, 3, '2023-01-05', 9, 60, 'Absent'),
(461, 241, 1, 1, '2023-01-06', 9, 60, 'Completed'),
(462, 222, 1, 1, '2023-01-06', 9, 60, 'Completed'),
(463, 232, 1, 1, '2023-01-06', 9, 60, 'Scheduled'),
(464, 236, 1, 2, '2023-01-06', 9, 60, 'Completed'),
(465, 61, 1, 2, '2023-01-06', 9, 60, 'Completed'),
(466, 201, 1, 2, '2023-01-06', 9, 60, 'Completed'),
(467, 208, 1, 2, '2023-01-06', 9, 60, 'Scheduled'),
(468, 21, 1, 2, '2023-01-06', 9, 60, 'Completed'),
(469, 42, 1, 2, '2023-01-06', 9, 60, 'Completed'),
(470, 219, 1, 3, '2023-01-06', 9, 60, 'Absent'),
(471, 174, 1, 3, '2023-01-06', 9, 60, 'Completed'),
(472, 168, 1, 3, '2023-01-06', 9, 60, 'Completed'),
(473, 260, 1, 3, '2023-01-06', 9, 60, 'Completed'),
(474, 29, 1, 3, '2023-01-06', 9, 60, 'Completed'),
(475, 113, 2, 1, '2023-01-06', 9, 60, 'Completed'),
(476, 159, 2, 1, '2023-01-06', 9, 60, 'Completed'),
(477, 90, 2, 1, '2023-01-06', 9, 60, 'Completed'),
(478, 189, 2, 1, '2023-01-06', 9, 60, 'Scheduled'),
(479, 98, 2, 2, '2023-01-06', 9, 60, 'Completed'),
(480, 52, 2, 2, '2023-01-06', 9, 60, 'Completed'),
(481, 114, 2, 2, '2023-01-06', 9, 60, 'Scheduled'),
(482, 185, 2, 2, '2023-01-06', 9, 60, 'Absent'),
(483, 97, 2, 3, '2023-01-06', 9, 60, 'Absent'),
(484, 70, 2, 3, '2023-01-06', 9, 60, 'Absent'),
(485, 130, 2, 3, '2023-01-06', 9, 60, 'Scheduled'),
(486, 74, 2, 3, '2023-01-06', 9, 60, 'Completed'),
(487, 48, 2, 3, '2023-01-06', 9, 60, 'Completed'),
(488, 204, 3, 1, '2023-01-06', 9, 60, 'Completed'),
(489, 248, 3, 1, '2023-01-06', 9, 60, 'Completed'),
(490, 23, 3, 1, '2023-01-06', 9, 60, 'Absent'),
(491, 100, 3, 1, '2023-01-06', 9, 60, 'Completed'),
(492, 209, 3, 2, '2023-01-06', 9, 60, 'Completed'),
(493, 151, 3, 2, '2023-01-06', 9, 60, 'Completed'),
(494, 186, 3, 2, '2023-01-06', 9, 60, 'Completed'),
(495, 12, 3, 2, '2023-01-06', 9, 60, 'Absent'),
(496, 175, 3, 3, '2023-01-06', 9, 60, 'Completed'),
(497, 26, 3, 3, '2023-01-06', 9, 60, 'Scheduled'),
(498, 120, 3, 3, '2023-01-06', 9, 60, 'Completed'),
(499, 13, 3, 3, '2023-01-06', 9, 60, 'Completed'),
(500, 226, 3, 3, '2023-01-06', 9, 60, 'Scheduled'),
(501, 14, 4, 1, '2023-01-06', 9, 60, 'Completed'),
(502, 179, 4, 1, '2023-01-06', 9, 60, 'Completed'),
(503, 85, 4, 1, '2023-01-06', 9, 60, 'Completed'),
(504, 244, 4, 1, '2023-01-06', 9, 60, 'Completed'),
(505, 157, 4, 2, '2023-01-06', 9, 60, 'Completed'),
(506, 218, 4, 2, '2023-01-06', 9, 60, 'Completed'),
(507, 91, 4, 2, '2023-01-06', 9, 60, 'Scheduled'),
(508, 173, 4, 2, '2023-01-06', 9, 60, 'Completed'),
(509, 169, 4, 2, '2023-01-06', 9, 60, 'Completed'),
(510, 163, 4, 2, '2023-01-06', 9, 60, 'Scheduled'),
(511, 170, 4, 3, '2023-01-06', 9, 60, 'Absent'),
(512, 155, 4, 3, '2023-01-06', 9, 60, 'Completed'),
(513, 115, 4, 3, '2023-01-06', 9, 60, 'Completed'),
(514, 111, 4, 3, '2023-01-06', 9, 60, 'Completed'),
(515, 126, 4, 3, '2023-01-06', 9, 60, 'Completed'),
(516, 141, 5, 1, '2023-01-06', 9, 60, 'Completed'),
(517, 187, 5, 1, '2023-01-06', 9, 60, 'Absent'),
(518, 24, 5, 1, '2023-01-06', 9, 60, 'Completed'),
(519, 154, 5, 1, '2023-01-06', 9, 60, 'Completed'),
(520, 200, 5, 1, '2023-01-06', 9, 60, 'Completed'),
(521, 239, 5, 1, '2023-01-06', 9, 60, 'Scheduled'),
(522, 137, 5, 2, '2023-01-06', 9, 60, 'Completed'),
(523, 217, 5, 2, '2023-01-06', 9, 60, 'Completed'),
(524, 203, 5, 2, '2023-01-06', 9, 60, 'Completed'),
(525, 167, 5, 2, '2023-01-06', 9, 60, 'Scheduled'),
(526, 215, 5, 2, '2023-01-06', 9, 60, 'Completed'),
(527, 246, 5, 2, '2023-01-06', 9, 60, 'Absent'),
(528, 178, 5, 3, '2023-01-06', 9, 60, 'Completed'),
(529, 148, 5, 3, '2023-01-06', 9, 60, 'Completed'),
(530, 116, 5, 3, '2023-01-06', 9, 60, 'Scheduled'),
(531, 15, 5, 3, '2023-01-06', 9, 60, 'Completed'),
(532, 80, 5, 3, '2023-01-06', 9, 60, 'Completed'),
(533, 55, 5, 3, '2023-01-06', 9, 60, 'Scheduled'),
(534, 53, 6, 1, '2023-01-06', 9, 60, 'Completed'),
(535, 188, 6, 1, '2023-01-06', 9, 60, 'Absent'),
(536, 207, 6, 1, '2023-01-06', 9, 60, 'Completed'),
(537, 252, 6, 1, '2023-01-06', 9, 60, 'Completed'),
(538, 256, 6, 1, '2023-01-06', 9, 60, 'Scheduled'),
(539, 196, 6, 1, '2023-01-06', 9, 60, 'Completed'),
(540, 212, 6, 2, '2023-01-06', 9, 60, 'Completed'),
(541, 161, 6, 2, '2023-01-06', 9, 60, 'Scheduled'),
(542, 184, 6, 2, '2023-01-06', 9, 60, 'Completed'),
(543, 197, 6, 2, '2023-01-06', 9, 60, 'Scheduled'),
(544, 149, 6, 2, '2023-01-06', 9, 60, 'Completed'),
(545, 205, 6, 2, '2023-01-06', 9, 60, 'Completed'),
(546, 150, 6, 3, '2023-01-06', 9, 60, 'Completed'),
(547, 88, 6, 3, '2023-01-06', 9, 60, 'Scheduled'),
(548, 112, 6, 3, '2023-01-06', 9, 60, 'Completed'),
(549, 79, 6, 3, '2023-01-06', 9, 60, 'Completed'),
(550, 158, 6, 3, '2023-01-06', 9, 60, 'Completed'),
(551, 172, 6, 3, '2023-01-06', 9, 60, 'Absent'),
(552, 241, 1, 1, '2023-01-07', 9, 60, 'Completed'),
(553, 222, 1, 1, '2023-01-07', 9, 60, 'Completed'),
(554, 232, 1, 1, '2023-01-07', 9, 60, 'Scheduled'),
(555, 236, 1, 2, '2023-01-07', 9, 60, 'Completed'),
(556, 61, 1, 2, '2023-01-07', 9, 60, 'Completed'),
(557, 201, 1, 2, '2023-01-07', 9, 60, 'Completed'),
(558, 208, 1, 2, '2023-01-07', 9, 60, 'Scheduled'),
(559, 21, 1, 2, '2023-01-07', 9, 60, 'Completed'),
(560, 42, 1, 2, '2023-01-07', 9, 60, 'Scheduled'),
(561, 219, 1, 3, '2023-01-07', 9, 60, 'Absent'),
(562, 174, 1, 3, '2023-01-07', 9, 60, 'Completed'),
(563, 168, 1, 3, '2023-01-07', 9, 60, 'Completed'),
(564, 260, 1, 3, '2023-01-07', 9, 60, 'Completed'),
(565, 29, 1, 3, '2023-01-07', 9, 60, 'Completed'),
(566, 113, 2, 1, '2023-01-07', 9, 60, 'Completed'),
(567, 159, 2, 1, '2023-01-07', 9, 60, 'Completed'),
(568, 90, 2, 1, '2023-01-07', 9, 60, 'Completed'),
(569, 189, 2, 1, '2023-01-07', 9, 60, 'Scheduled'),
(570, 98, 2, 2, '2023-01-07', 9, 60, 'Completed'),
(571, 52, 2, 2, '2023-01-07', 9, 60, 'Completed'),
(572, 114, 2, 2, '2023-01-07', 9, 60, 'Scheduled'),
(573, 185, 2, 2, '2023-01-07', 9, 60, 'Absent'),
(574, 97, 2, 3, '2023-01-07', 9, 60, 'Absent'),
(575, 70, 2, 3, '2023-01-07', 9, 60, 'Absent'),
(576, 130, 2, 3, '2023-01-07', 9, 60, 'Completed'),
(577, 74, 2, 3, '2023-01-07', 9, 60, 'Completed'),
(578, 48, 2, 3, '2023-01-07', 9, 60, 'Scheduled'),
(579, 204, 3, 1, '2023-01-07', 9, 60, 'Completed'),
(580, 248, 3, 1, '2023-01-07', 9, 60, 'Completed'),
(581, 23, 3, 1, '2023-01-07', 9, 60, 'Absent'),
(582, 100, 3, 1, '2023-01-07', 9, 60, 'Completed'),
(583, 209, 3, 2, '2023-01-07', 9, 60, 'Completed'),
(584, 151, 3, 2, '2023-01-07', 9, 60, 'Completed'),
(585, 186, 3, 2, '2023-01-07', 9, 60, 'Completed'),
(586, 12, 3, 2, '2023-01-07', 9, 60, 'Absent'),
(587, 175, 3, 3, '2023-01-07', 9, 60, 'Completed'),
(588, 26, 3, 3, '2023-01-07', 9, 60, 'Scheduled'),
(589, 120, 3, 3, '2023-01-07', 9, 60, 'Completed'),
(590, 13, 3, 3, '2023-01-07', 9, 60, 'Completed'),
(591, 226, 3, 3, '2023-01-07', 9, 60, 'Completed'),
(592, 14, 4, 1, '2023-01-07', 9, 60, 'Completed'),
(593, 179, 4, 1, '2023-01-07', 9, 60, 'Completed'),
(594, 85, 4, 1, '2023-01-07', 9, 60, 'Completed'),
(595, 244, 4, 1, '2023-01-07', 9, 60, 'Scheduled'),
(596, 157, 4, 2, '2023-01-07', 9, 60, 'Completed'),
(597, 218, 4, 2, '2023-01-07', 9, 60, 'Completed'),
(598, 91, 4, 2, '2023-01-07', 9, 60, 'Scheduled'),
(599, 173, 4, 2, '2023-01-07', 9, 60, 'Completed'),
(600, 169, 4, 2, '2023-01-07', 9, 60, 'Completed'),
(601, 163, 4, 2, '2023-01-07', 9, 60, 'Scheduled'),
(602, 170, 4, 3, '2023-01-07', 9, 60, 'Absent'),
(603, 155, 4, 3, '2023-01-07', 9, 60, 'Completed'),
(604, 115, 4, 3, '2023-01-07', 9, 60, 'Completed'),
(605, 111, 4, 3, '2023-01-07', 9, 60, 'Scheduled'),
(606, 126, 4, 3, '2023-01-07', 9, 60, 'Completed'),
(607, 141, 5, 1, '2023-01-07', 9, 60, 'Completed'),
(608, 187, 5, 1, '2023-01-07', 9, 60, 'Absent'),
(609, 24, 5, 1, '2023-01-07', 9, 60, 'Completed'),
(610, 154, 5, 1, '2023-01-07', 9, 60, 'Completed'),
(611, 200, 5, 1, '2023-01-07', 9, 60, 'Completed'),
(612, 239, 5, 1, '2023-01-07', 9, 60, 'Scheduled'),
(613, 137, 5, 2, '2023-01-07', 9, 60, 'Completed'),
(614, 217, 5, 2, '2023-01-07', 9, 60, 'Completed'),
(615, 203, 5, 2, '2023-01-07', 9, 60, 'Completed'),
(616, 167, 5, 2, '2023-01-07', 9, 60, 'Scheduled'),
(617, 215, 5, 2, '2023-01-07', 9, 60, 'Completed'),
(618, 246, 5, 2, '2023-01-07', 9, 60, 'Absent'),
(619, 178, 5, 3, '2023-01-07', 9, 60, 'Completed'),
(620, 148, 5, 3, '2023-01-07', 9, 60, 'Completed'),
(621, 116, 5, 3, '2023-01-07', 9, 60, 'Scheduled'),
(622, 15, 5, 3, '2023-01-07', 9, 60, 'Completed'),
(623, 80, 5, 3, '2023-01-07', 9, 60, 'Scheduled'),
(624, 55, 5, 3, '2023-01-07', 9, 60, 'Scheduled'),
(625, 53, 6, 1, '2023-01-07', 9, 60, 'Completed'),
(626, 188, 6, 1, '2023-01-07', 9, 60, 'Absent'),
(627, 207, 6, 1, '2023-01-07', 9, 60, 'Scheduled'),
(628, 252, 6, 1, '2023-01-07', 9, 60, 'Completed'),
(629, 256, 6, 1, '2023-01-07', 9, 60, 'Completed'),
(630, 196, 6, 1, '2023-01-07', 9, 60, 'Completed'),
(631, 212, 6, 2, '2023-01-07', 9, 60, 'Completed'),
(632, 161, 6, 2, '2023-01-07', 9, 60, 'Scheduled'),
(633, 184, 6, 2, '2023-01-07', 9, 60, 'Completed'),
(634, 197, 6, 2, '2023-01-07', 9, 60, 'Completed'),
(635, 149, 6, 2, '2023-01-07', 9, 60, 'Completed'),
(636, 205, 6, 2, '2023-01-07', 9, 60, 'Completed'),
(637, 150, 6, 3, '2023-01-07', 9, 60, 'Completed'),
(638, 88, 6, 3, '2023-01-07', 9, 60, 'Completed'),
(639, 112, 6, 3, '2023-01-07', 9, 60, 'Completed'),
(640, 79, 6, 3, '2023-01-07', 9, 60, 'Scheduled'),
(641, 158, 6, 3, '2023-01-07', 9, 60, 'Completed'),
(642, 172, 6, 3, '2023-01-07', 9, 60, 'Absent'),
(643, 241, 1, 1, '2023-01-08', 9, 60, 'Completed'),
(644, 222, 1, 1, '2023-01-08', 9, 60, 'Completed'),
(645, 232, 1, 1, '2023-01-08', 9, 60, 'Scheduled'),
(646, 236, 1, 2, '2023-01-08', 9, 60, 'Completed'),
(647, 61, 1, 2, '2023-01-08', 9, 60, 'Completed'),
(648, 201, 1, 2, '2023-01-08', 9, 60, 'Scheduled'),
(649, 208, 1, 2, '2023-01-08', 9, 60, 'Scheduled'),
(650, 21, 1, 2, '2023-01-08', 9, 60, 'Completed'),
(651, 42, 1, 2, '2023-01-08', 9, 60, 'Completed'),
(652, 219, 1, 3, '2023-01-08', 9, 60, 'Absent'),
(653, 174, 1, 3, '2023-01-08', 9, 60, 'Completed'),
(654, 168, 1, 3, '2023-01-08', 9, 60, 'Completed'),
(655, 260, 1, 3, '2023-01-08', 9, 60, 'Completed'),
(656, 29, 1, 3, '2023-01-08', 9, 60, 'Scheduled'),
(657, 113, 2, 1, '2023-01-08', 9, 60, 'Completed'),
(658, 159, 2, 1, '2023-01-08', 9, 60, 'Completed'),
(659, 90, 2, 1, '2023-01-08', 9, 60, 'Completed'),
(660, 189, 2, 1, '2023-01-08', 9, 60, 'Completed'),
(661, 98, 2, 2, '2023-01-08', 9, 60, 'Completed'),
(662, 52, 2, 2, '2023-01-08', 9, 60, 'Scheduled'),
(663, 114, 2, 2, '2023-01-08', 9, 60, 'Completed'),
(664, 185, 2, 2, '2023-01-08', 9, 60, 'Absent'),
(665, 97, 2, 3, '2023-01-08', 9, 60, 'Absent'),
(666, 70, 2, 3, '2023-01-08', 9, 60, 'Absent'),
(667, 130, 2, 3, '2023-01-08', 9, 60, 'Scheduled'),
(668, 74, 2, 3, '2023-01-08', 9, 60, 'Completed'),
(669, 48, 2, 3, '2023-01-08', 9, 60, 'Scheduled'),
(670, 204, 3, 1, '2023-01-08', 9, 60, 'Completed'),
(671, 248, 3, 1, '2023-01-08', 9, 60, 'Completed'),
(672, 23, 3, 1, '2023-01-08', 9, 60, 'Absent'),
(673, 100, 3, 1, '2023-01-08', 9, 60, 'Completed'),
(674, 209, 3, 2, '2023-01-08', 9, 60, 'Completed'),
(675, 151, 3, 2, '2023-01-08', 9, 60, 'Scheduled'),
(676, 186, 3, 2, '2023-01-08', 9, 60, 'Completed'),
(677, 12, 3, 2, '2023-01-08', 9, 60, 'Absent'),
(678, 175, 3, 3, '2023-01-08', 9, 60, 'Completed'),
(679, 26, 3, 3, '2023-01-08', 9, 60, 'Scheduled'),
(680, 120, 3, 3, '2023-01-08', 9, 60, 'Completed'),
(681, 13, 3, 3, '2023-01-08', 9, 60, 'Completed'),
(682, 226, 3, 3, '2023-01-08', 9, 60, 'Completed'),
(683, 14, 4, 1, '2023-01-08', 9, 60, 'Completed'),
(684, 179, 4, 1, '2023-01-08', 9, 60, 'Completed'),
(685, 85, 4, 1, '2023-01-08', 9, 60, 'Scheduled'),
(686, 244, 4, 1, '2023-01-08', 9, 60, 'Completed'),
(687, 157, 4, 2, '2023-01-08', 9, 60, 'Completed'),
(688, 218, 4, 2, '2023-01-08', 9, 60, 'Completed'),
(689, 91, 4, 2, '2023-01-08', 9, 60, 'Scheduled'),
(690, 173, 4, 2, '2023-01-08', 9, 60, 'Completed'),
(691, 169, 4, 2, '2023-01-08', 9, 60, 'Scheduled'),
(692, 163, 4, 2, '2023-01-08', 9, 60, 'Completed'),
(693, 170, 4, 3, '2023-01-08', 9, 60, 'Absent'),
(694, 155, 4, 3, '2023-01-08', 9, 60, 'Completed'),
(695, 115, 4, 3, '2023-01-08', 9, 60, 'Scheduled'),
(696, 111, 4, 3, '2023-01-08', 9, 60, 'Completed'),
(697, 126, 4, 3, '2023-01-08', 9, 60, 'Completed'),
(698, 141, 5, 1, '2023-01-08', 9, 60, 'Completed'),
(699, 187, 5, 1, '2023-01-08', 9, 60, 'Absent'),
(700, 24, 5, 1, '2023-01-08', 9, 60, 'Completed'),
(701, 154, 5, 1, '2023-01-08', 9, 60, 'Completed'),
(702, 200, 5, 1, '2023-01-08', 9, 60, 'Scheduled'),
(703, 239, 5, 1, '2023-01-08', 9, 60, 'Completed'),
(704, 137, 5, 2, '2023-01-08', 9, 60, 'Completed'),
(705, 217, 5, 2, '2023-01-08', 9, 60, 'Completed'),
(706, 203, 5, 2, '2023-01-08', 9, 60, 'Completed'),
(707, 167, 5, 2, '2023-01-08', 9, 60, 'Scheduled'),
(708, 215, 5, 2, '2023-01-08', 9, 60, 'Completed'),
(709, 246, 5, 2, '2023-01-08', 9, 60, 'Absent'),
(710, 178, 5, 3, '2023-01-08', 9, 60, 'Completed'),
(711, 148, 5, 3, '2023-01-08', 9, 60, 'Scheduled'),
(712, 116, 5, 3, '2023-01-08', 9, 60, 'Completed'),
(713, 15, 5, 3, '2023-01-08', 9, 60, 'Completed'),
(714, 80, 5, 3, '2023-01-08', 9, 60, 'Completed'),
(715, 55, 5, 3, '2023-01-08', 9, 60, 'Scheduled'),
(716, 53, 6, 1, '2023-01-08', 9, 60, 'Completed'),
(717, 188, 6, 1, '2023-01-08', 9, 60, 'Absent'),
(718, 207, 6, 1, '2023-01-08', 9, 60, 'Completed'),
(719, 252, 6, 1, '2023-01-08', 9, 60, 'Completed'),
(720, 256, 6, 1, '2023-01-08', 9, 60, 'Completed'),
(721, 196, 6, 1, '2023-01-08', 9, 60, 'Completed'),
(722, 212, 6, 2, '2023-01-08', 9, 60, 'Completed'),
(723, 161, 6, 2, '2023-01-08', 9, 60, 'Completed'),
(724, 184, 6, 2, '2023-01-08', 9, 60, 'Scheduled'),
(725, 197, 6, 2, '2023-01-08', 9, 60, 'Completed'),
(726, 149, 6, 2, '2023-01-08', 9, 60, 'Completed'),
(727, 205, 6, 2, '2023-01-08', 9, 60, 'Scheduled'),
(728, 150, 6, 3, '2023-01-08', 9, 60, 'Completed'),
(729, 88, 6, 3, '2023-01-08', 9, 60, 'Completed'),
(730, 112, 6, 3, '2023-01-08', 9, 60, 'Scheduled'),
(731, 79, 6, 3, '2023-01-08', 9, 60, 'Completed'),
(732, 158, 6, 3, '2023-01-08', 9, 60, 'Completed'),
(733, 172, 6, 3, '2023-01-08', 9, 60, 'Absent'),
(734, 183, 1, 1, '2023-01-09', 9, 60, 'Completed'),
(735, 227, 1, 1, '2023-01-09', 9, 60, 'Absent'),
(736, 241, 1, 1, '2023-01-09', 9, 60, 'Completed'),
(737, 222, 1, 1, '2023-01-09', 9, 60, 'Scheduled'),
(738, 232, 1, 1, '2023-01-09', 9, 60, 'Completed'),
(739, 236, 1, 2, '2023-01-09', 9, 60, 'Completed'),
(740, 61, 1, 2, '2023-01-09', 9, 60, 'Completed'),
(741, 201, 1, 2, '2023-01-09', 9, 60, 'Scheduled'),
(742, 208, 1, 2, '2023-01-09', 9, 60, 'Scheduled'),
(743, 21, 1, 2, '2023-01-09', 9, 60, 'Completed'),
(744, 42, 1, 2, '2023-01-09', 9, 60, 'Completed'),
(745, 219, 1, 3, '2023-01-09', 9, 60, 'Absent'),
(746, 174, 1, 3, '2023-01-09', 9, 60, 'Completed'),
(747, 168, 1, 3, '2023-01-09', 9, 60, 'Completed'),
(748, 260, 1, 3, '2023-01-09', 9, 60, 'Completed'),
(749, 29, 1, 3, '2023-01-09', 9, 60, 'Scheduled'),
(750, 113, 2, 1, '2023-01-09', 9, 60, 'Completed'),
(751, 159, 2, 1, '2023-01-09', 9, 60, 'Completed'),
(752, 90, 2, 1, '2023-01-09', 9, 60, 'Scheduled'),
(753, 189, 2, 1, '2023-01-09', 9, 60, 'Completed'),
(754, 98, 2, 2, '2023-01-09', 9, 60, 'Completed'),
(755, 52, 2, 2, '2023-01-09', 9, 60, 'Completed'),
(756, 114, 2, 2, '2023-01-09', 9, 60, 'Scheduled'),
(757, 185, 2, 2, '2023-01-09', 9, 60, 'Absent'),
(758, 97, 2, 3, '2023-01-09', 9, 60, 'Absent'),
(759, 70, 2, 3, '2023-01-09', 9, 60, 'Absent'),
(760, 130, 2, 3, '2023-01-09', 9, 60, 'Completed'),
(761, 74, 2, 3, '2023-01-09', 9, 60, 'Completed'),
(762, 48, 2, 3, '2023-01-09', 9, 60, 'Completed'),
(763, 204, 3, 1, '2023-01-09', 9, 60, 'Scheduled'),
(764, 248, 3, 1, '2023-01-09', 9, 60, 'Completed'),
(765, 23, 3, 1, '2023-01-09', 9, 60, 'Absent'),
(766, 100, 3, 1, '2023-01-09', 9, 60, 'Completed'),
(767, 209, 3, 2, '2023-01-09', 9, 60, 'Scheduled'),
(768, 151, 3, 2, '2023-01-09', 9, 60, 'Completed'),
(769, 186, 3, 2, '2023-01-09', 9, 60, 'Completed'),
(770, 12, 3, 2, '2023-01-09', 9, 60, 'Absent'),
(771, 175, 3, 3, '2023-01-09', 9, 60, 'Completed'),
(772, 26, 3, 3, '2023-01-09', 9, 60, 'Completed'),
(773, 120, 3, 3, '2023-01-09', 9, 60, 'Completed'),
(774, 13, 3, 3, '2023-01-09', 9, 60, 'Completed'),
(775, 226, 3, 3, '2023-01-09', 9, 60, 'Completed'),
(776, 14, 4, 1, '2023-01-09', 9, 60, 'Completed'),
(777, 179, 4, 1, '2023-01-09', 9, 60, 'Completed'),
(778, 85, 4, 1, '2023-01-09', 9, 60, 'Scheduled'),
(779, 244, 4, 1, '2023-01-09', 9, 60, 'Completed'),
(780, 157, 4, 2, '2023-01-09', 9, 60, 'Completed'),
(781, 218, 4, 2, '2023-01-09', 9, 60, 'Completed'),
(782, 91, 4, 2, '2023-01-09', 9, 60, 'Scheduled'),
(783, 173, 4, 2, '2023-01-09', 9, 60, 'Completed'),
(784, 169, 4, 2, '2023-01-09', 9, 60, 'Scheduled'),
(785, 163, 4, 2, '2023-01-09', 9, 60, 'Completed'),
(786, 170, 4, 3, '2023-01-09', 9, 60, 'Absent'),
(787, 155, 4, 3, '2023-01-09', 9, 60, 'Scheduled'),
(788, 115, 4, 3, '2023-01-09', 9, 60, 'Completed'),
(789, 111, 4, 3, '2023-01-09', 9, 60, 'Completed'),
(790, 126, 4, 3, '2023-01-09', 9, 60, 'Scheduled'),
(791, 141, 5, 1, '2023-01-09', 9, 60, 'Completed'),
(792, 187, 5, 1, '2023-01-09', 9, 60, 'Absent'),
(793, 24, 5, 1, '2023-01-09', 9, 60, 'Completed'),
(794, 154, 5, 1, '2023-01-09', 9, 60, 'Scheduled'),
(795, 200, 5, 1, '2023-01-09', 9, 60, 'Completed'),
(796, 239, 5, 1, '2023-01-09', 9, 60, 'Completed'),
(797, 137, 5, 2, '2023-01-09', 9, 60, 'Scheduled'),
(798, 217, 5, 2, '2023-01-09', 9, 60, 'Completed'),
(799, 203, 5, 2, '2023-01-09', 9, 60, 'Scheduled'),
(800, 167, 5, 2, '2023-01-09', 9, 60, 'Completed'),
(801, 215, 5, 2, '2023-01-09', 9, 60, 'Completed'),
(802, 246, 5, 2, '2023-01-09', 9, 60, 'Absent'),
(803, 178, 5, 3, '2023-01-09', 9, 60, 'Completed'),
(804, 148, 5, 3, '2023-01-09', 9, 60, 'Scheduled'),
(805, 116, 5, 3, '2023-01-09', 9, 60, 'Completed'),
(806, 15, 5, 3, '2023-01-09', 9, 60, 'Completed'),
(807, 80, 5, 3, '2023-01-09', 9, 60, 'Scheduled'),
(808, 55, 5, 3, '2023-01-09', 9, 60, 'Scheduled'),
(809, 53, 6, 1, '2023-01-09', 9, 60, 'Completed'),
(810, 188, 6, 1, '2023-01-09', 9, 60, 'Absent'),
(811, 207, 6, 1, '2023-01-09', 9, 60, 'Completed'),
(812, 252, 6, 1, '2023-01-09', 9, 60, 'Completed'),
(813, 256, 6, 1, '2023-01-09', 9, 60, 'Scheduled'),
(814, 196, 6, 1, '2023-01-09', 9, 60, 'Completed'),
(815, 212, 6, 2, '2023-01-09', 9, 60, 'Scheduled'),
(816, 161, 6, 2, '2023-01-09', 9, 60, 'Completed'),
(817, 184, 6, 2, '2023-01-09', 9, 60, 'Scheduled'),
(818, 197, 6, 2, '2023-01-09', 9, 60, 'Completed'),
(819, 149, 6, 2, '2023-01-09', 9, 60, 'Completed'),
(820, 205, 6, 2, '2023-01-09', 9, 60, 'Completed'),
(821, 150, 6, 3, '2023-01-09', 9, 60, 'Completed'),
(822, 88, 6, 3, '2023-01-09', 9, 60, 'Scheduled'),
(823, 112, 6, 3, '2023-01-09', 9, 60, 'Completed'),
(824, 79, 6, 3, '2023-01-09', 9, 60, 'Scheduled'),
(825, 158, 6, 3, '2023-01-09', 9, 60, 'Completed'),
(826, 172, 6, 3, '2023-01-09', 9, 60, 'Absent');


INSERT INTO notify.notifications (notification_id, employee_id, message, type, created_at, status) VALUES
(1, 149, 'Swap request pending', 'SwapStatus', '2023-11-04 08:35:00', 'Unread'),
(2, 259, 'Shift updated', 'SwapStatus', '2024-12-12 07:51:00', 'Unread'),
(3, 45, 'Shift updated', 'RosterUpdate', '2024-03-28 13:56:00', 'Unread'),
(4, 198, 'Swap request pending', 'LeaveApproval', '2023-09-04 13:16:00', 'Unread'),
(5, 108, 'Swap request pending', 'RosterUpdate', '2023-11-24 08:02:00', 'Unread'),
(6, 174, 'Emergency redistribution', 'LeaveApproval', '2024-04-08 02:54:00', 'Unread'),
(7, 111, 'Leave denied', 'RosterUpdate', '2024-10-27 23:36:00', 'Read'),
(8, 32, 'Leave approved', 'SwapStatus', '2023-06-24 00:45:00', 'Unread'),
(9, 259, 'Swap approved', 'EmergencyRedistribution', '2024-07-02 12:29:00', 'Read'),
(10, 212, 'Emergency redistribution', 'LeaveApproval', '2023-09-10 03:43:00', 'Unread'),
(11, 23, 'Swap approved', 'LeaveApproval', '2024-04-03 07:44:00', 'Unread'),
(12, 100, 'Leave approved', 'RosterUpdate', '2024-09-05 15:47:00', 'Unread'),
(13, 246, 'Leave approved', 'EmergencyRedistribution', '2024-02-12 17:31:00', 'Unread'),
(14, 191, 'Emergency redistribution', 'LeaveApproval', '2024-05-24 09:20:00', 'Read'),
(15, 137, 'Shift updated', 'EmergencyRedistribution', '2024-02-09 23:25:00', 'Read'),
(16, 237, 'Swap approved', 'LeaveApproval', '2024-03-12 21:00:00', 'Unread'),
(17, 244, 'Leave approved', 'LeaveApproval', '2023-05-18 10:14:00', 'Read'),
(18, 12, 'Shift updated', 'RosterUpdate', '2023-06-03 14:19:00', 'Read'),
(19, 14, 'Swap approved', 'LeaveApproval', '2023-07-07 19:42:00', 'Unread'),
(20, 169, 'Emergency redistribution', 'EmergencyRedistribution', '2024-05-26 15:58:00', 'Read'),
(21, 257, 'Leave approved', 'RosterUpdate', '2024-05-18 20:01:00', 'Read'),
(22, 153, 'Leave denied', 'RosterUpdate', '2024-07-16 11:23:00', 'Unread'),
(23, 221, 'Leave approved', 'SwapStatus', '2023-07-06 01:21:00', 'Unread'),
(24, 255, 'Leave approved', 'LeaveApproval', '2023-07-05 13:42:00', 'Unread'),
(25, 255, 'Shift updated', 'EmergencyRedistribution', '2023-11-20 01:46:00', 'Read'),
(26, 178, 'Emergency redistribution', 'SwapStatus', '2024-05-16 12:47:00', 'Unread'),
(27, 236, 'Swap request pending', 'SwapStatus', '2024-04-03 12:35:00', 'Read'),
(28, 77, 'Shift updated', 'RosterUpdate', '2023-03-23 00:01:00', 'Read'),
(29, 219, 'Emergency redistribution', 'EmergencyRedistribution', '2024-09-08 07:12:00', 'Read'),
(30, 168, 'Leave denied', 'LeaveApproval', '2024-03-16 11:36:00', 'Unread'),
(31, 212, 'Leave denied', 'LeaveApproval', '2024-01-08 17:34:00', 'Unread'),
(32, 236, 'Leave denied', 'LeaveApproval', '2023-02-17 19:48:00', 'Read'),
(33, 107, 'Leave denied', 'SwapStatus', '2023-01-22 01:26:00', 'Unread'),
(34, 18, 'Swap approved', 'SwapStatus', '2023-01-20 19:08:00', 'Unread'),
(35, 143, 'Swap request pending', 'EmergencyRedistribution', '2023-10-18 01:54:00', 'Read'),
(36, 171, 'Swap request pending', 'LeaveApproval', '2023-06-11 02:45:00', 'Read'),
(37, 237, 'Shift updated', 'RosterUpdate', '2023-11-09 21:04:00', 'Read'),
(38, 72, 'Shift updated', 'SwapStatus', '2024-07-09 03:00:00', 'Unread'),
(39, 148, 'Swap approved', 'LeaveApproval', '2024-05-11 12:56:00', 'Read'),
(40, 77, 'Swap approved', 'EmergencyRedistribution', '2023-06-25 04:30:00', 'Unread'),
(41, 192, 'Swap request pending', 'RosterUpdate', '2024-04-18 10:48:00', 'Read'),
(42, 245, 'Emergency redistribution', 'SwapStatus', '2024-05-24 10:14:00', 'Unread'),
(43, 23, 'Emergency redistribution', 'LeaveApproval', '2024-02-18 10:04:00', 'Read'),
(44, 259, 'Leave approved', 'RosterUpdate', '2023-07-28 17:28:00', 'Read'),
(45, 137, 'Swap request pending', 'SwapStatus', '2024-09-02 01:50:00', 'Read'),
(46, 212, 'Leave denied', 'EmergencyRedistribution', '2023-09-17 15:45:00', 'Unread'),
(47, 18, 'Leave denied', 'LeaveApproval', '2024-01-15 01:31:00', 'Unread'),
(48, 143, 'Swap approved', 'RosterUpdate', '2024-01-09 16:53:00', 'Read'),
(49, 143, 'Leave approved', 'SwapStatus', '2023-09-17 06:17:00', 'Unread'),
(50, 111, 'Shift updated', 'RosterUpdate', '2023-03-24 07:14:00', 'Read'),
(51, 169, 'Swap request pending', 'EmergencyRedistribution', '2023-07-27 15:10:00', 'Unread'),
(52, 171, 'Leave approved', 'RosterUpdate', '2024-08-01 10:13:00', 'Read'),
(53, 169, 'Swap approved', 'SwapStatus', '2024-01-26 04:02:00', 'Unread'),
(54, 72, 'Swap approved', 'EmergencyRedistribution', '2024-01-21 21:00:00', 'Read'),
(55, 12, 'Leave denied', 'LeaveApproval', '2024-01-23 09:12:00', 'Unread'),
(56, 12, 'Swap request pending', 'RosterUpdate', '2024-03-12 18:03:00', 'Read'),
(57, 178, 'Swap approved', 'EmergencyRedistribution', '2024-06-25 15:26:00', 'Read'),
(58, 245, 'Shift updated', 'SwapStatus', '2024-04-18 21:30:00', 'Read'),
(59, 192, 'Swap request pending', 'LeaveApproval', '2023-07-06 05:44:00', 'Unread'),
(60, 245, 'Emergency redistribution', 'RosterUpdate', '2024-03-14 05:45:00', 'Read'),
(61, 255, 'Leave approved', 'LeaveApproval', '2024-05-18 01:41:00', 'Unread'),
(62, 219, 'Swap request pending', 'EmergencyRedistribution', '2024-03-28 09:27:00', 'Read'),
(63, 219, 'Shift updated', 'LeaveApproval', '2023-01-05 06:04:00', 'Unread'),
(64, 168, 'Emergency redistribution', 'RosterUpdate', '2024-04-14 13:45:00', 'Read'),
(65, 23, 'Swap approved', 'RosterUpdate', '2024-02-09 17:34:00', 'Unread'),
(66, 18, 'Swap approved', 'EmergencyRedistribution', '2024-02-29 09:59:00', 'Unread'),
(67, 18, 'Swap approved', 'LeaveApproval', '2024-07-07 09:56:00', 'Read'),
(68, 192, 'Leave denied', 'RosterUpdate', '2023-01-20 00:23:00', 'Read'),
(69, 12, 'Swap approved', 'SwapStatus', '2023-01-19 16:32:00', 'Unread'),
(70, 168, 'Leave denied', 'EmergencyRedistribution', '2023-09-02 18:28:00', 'Unread'),
(71, 107, 'Emergency redistribution', 'LeaveApproval', '2024-02-05 20:30:00', 'Read'),
(72, 107, 'Leave approved', 'RosterUpdate', '2023-09-17 19:15:00', 'Read'),
(73, 111, 'Swap approved', 'SwapStatus', '2023-11-20 18:27:00', 'Read'),
(74, 171, 'Swap request pending', 'SwapStatus', '2024-05-09 19:46:00', 'Read'),
(75, 153, 'Swap request pending', 'RosterUpdate', '2023-09-05 13:58:00', 'Unread'),
(76, 178, 'Swap request pending', 'LeaveApproval', '2024-11-03 14:14:00', 'Unread'),
(77, 23, 'Swap approved', 'EmergencyRedistribution', '2024-08-04 12:49:00', 'Unread'),
(78, 14, 'Leave denied', 'SwapStatus', '2024-06-25 15:52:00', 'Unread'),
(79, 169, 'Swap approved', 'LeaveApproval', '2023-11-25 04:36:00', 'Read'),
(80, 246, 'Shift updated', 'SwapStatus', '2023-06-03 08:34:00', 'Unread'),
(81, 153, 'Swap approved', 'EmergencyRedistribution', '2024-08-06 01:23:00', 'Unread'),
(82, 14, 'Swap approved', 'LeaveApproval', '2023-10-06 04:26:00', 'Unread'),
(83, 107, 'Leave denied', 'SwapStatus', '2024-02-14 20:53:00', 'Unread'),
(84, 137, 'Leave approved', 'RosterUpdate', '2023-09-24 16:16:00', 'Unread'),
(85, 245, 'Shift updated', 'LeaveApproval', '2024-03-24 07:19:00', 'Read'),
(86, 221, 'Swap approved', 'SwapStatus', '2024-08-07 05:40:00', 'Unread'),
(87, 14, 'Swap request pending', 'RosterUpdate', '2024-01-29 01:54:00', 'Read'),
(88, 178, 'Leave denied', 'LeaveApproval', '2023-10-25 14:52:00', 'Unread'),
(89, 72, 'Shift updated', 'EmergencyRedistribution', '2024-11-23 05:15:00', 'Read'),
(90, 77, 'Swap approved', 'EmergencyRedistribution', '2023-04-12 18:27:00', 'Read'),
(91, 148, 'Leave denied', 'LeaveApproval', '2023-08-02 21:52:00', 'Unread'),
(92, 148, 'Swap request pending', 'SwapStatus', '2023-01-14 16:11:00', 'Unread'),
(93, 246, 'Swap approved', 'RosterUpdate', '2024-04-03 14:38:00', 'Read'),
(94, 236, 'Leave approved', 'LeaveApproval', '2023-08-14 14:48:00', 'Read'),
(95, 237, 'Shift updated', 'EmergencyRedistribution', '2024-06-13 19:27:00', 'Read'),
(96, 72, 'Swap request pending', 'RosterUpdate', '2024-06-25 18:50:00', 'Read'),
(97, 143, 'Shift updated', 'SwapStatus', '2024-10-18 17:35:00', 'Read'),
(98, 148, 'Leave approved', 'EmergencyRedistribution', '2023-06-10 13:17:00', 'Read'),
(99, 137, 'Shift updated', 'LeaveApproval', '2024-01-09 20:30:00', 'Unread'),
(100, 244, 'Emergency redistribution', 'RosterUpdate', '2024-04-10 14:55:00', 'Read'),
(101, 143, 'Swap approved', 'LeaveApproval', '2024-07-26 14:47:00', 'Unread'),
(102, 143, 'Shift updated', 'EmergencyRedistribution', '2023-06-03 14:03:00', 'Read'),
(103, 143, 'Swap request pending', 'RosterUpdate', '2023-08-27 16:51:00', 'Unread'),
(104, 178, 'Leave approved', 'SwapStatus', '2023-04-26 00:55:00', 'Unread'),
(105, 237, 'Swap request pending', 'RosterUpdate', '2023-03-28 01:13:00', 'Unread'),
(106, 212, 'Swap request pending', 'SwapStatus', '2023-07-06 01:13:00', 'Unread'),
(107, 107, 'Shift updated', 'EmergencyRedistribution', '2024-05-18 10:29:00', 'Read'),
(108, 244, 'Swap approved', 'LeaveApproval', '2023-06-05 06:19:00', 'Unread'),
(109, 219, 'Swap approved', 'RosterUpdate', '2024-05-24 09:37:00', 'Read'),
(110, 244, 'Swap request pending', 'SwapStatus', '2024-06-29 13:41:00', 'Unread'),
(111, 221, 'Swap approved', 'EmergencyRedistribution', '2024-02-15 01:34:00', 'Read'),
(112, 14, 'Leave approved', 'EmergencyRedistribution', '2024-07-28 08:34:00', 'Read'),
(113, 246, 'Leave denied', 'LeaveApproval', '2023-08-24 16:32:00', 'Read'),
(114, 257, 'Swap request pending', 'SwapStatus', '2024-08-01 19:54:00', 'Unread'),
(115, 236, 'Leave denied', 'LeaveApproval', '2024-05-27 06:57:00', 'Unread'),
(116, 255, 'Swap approved', 'RosterUpdate', '2023-07-02 23:25:00', 'Read'),
(117, 246, 'Shift updated', 'EmergencyRedistribution', '2024-11-20 23:59:00', 'Read'),
(118, 14, 'Swap approved', 'RosterUpdate', '2024-03-24 10:04:00', 'Unread'),
(119, 14, 'Swap approved', 'SwapStatus', '2024-01-28 17:15:00', 'Read'),
(120, 257, 'Leave denied', 'EmergencyRedistribution', '2024-07-27 07:44:00', 'Read'),
(121, 14, 'Shift updated', 'LeaveApproval', '2023-02-18 20:30:00', 'Read'),
(122, 169, 'Shift updated', 'SwapStatus', '2024-09-24 19:42:00', 'Unread'),
(123, 221, 'Leave denied', 'SwapStatus', '2024-04-03 00:23:00', 'Unread'),
(124, 72, 'Leave approved', 'LeaveApproval', '2024-05-08 19:15:00', 'Unread'),
(125, 221, 'Swap request pending', 'RosterUpdate', '2024-08-25 04:35:00', 'Read'),
(126, 178, 'Emergency redistribution', 'EmergencyRedistribution', '2023-05-04 16:21:00', 'Unread'),
(127, 244, 'Leave denied', 'RosterUpdate', '2023-11-28 01:21:00', 'Read'),
(128, 257, 'Leave approved', 'LeaveApproval', '2024-06-12 11:21:00', 'Unread'),
(129, 219, 'Swap approved', 'EmergencyRedistribution', '2024-12-14 06:47:00', 'Unread'),
(130, 111, 'Swap approved', 'LeaveApproval', '2024-03-28 07:12:00', 'Unread'),
(131, 255, 'Shift updated', 'SwapStatus', '2024-06-25 10:53:00', 'Read'),
(132, 12, 'Shift updated', 'LeaveApproval', '2023-04-18 20:34:00', 'Read'),
(133, 14, 'Swap request pending', 'SwapStatus', '2024-04-04 19:47:00', 'Read'),
(134, 169, 'Swap approved', 'RosterUpdate', '2023-09-17 08:34:00', 'Unread'),
(135, 12, 'Leave approved', 'RosterUpdate', '2024-07-29 02:44:00', 'Unread'),
(136, 168, 'Shift updated', 'RosterUpdate', '2024-07-21 00:09:00', 'Read'),
(137, 244, 'Swap approved', 'RosterUpdate', '2024-02-18 01:35:00', 'Unread'),
(138, 77, 'Swap request pending', 'LeaveApproval', '2023-07-06 00:59:00', 'Unread'),
(139, 148, 'Swap approved', 'RosterUpdate', '2023-11-23 09:34:00', 'Read'),
(140, 153, 'Swap request pending', 'EmergencyRedistribution', '2023-11-20 20:53:00', 'Read'),
(141, 168, 'Leave denied', 'LeaveApproval', '2023-10-09 23:36:00', 'Unread'),
(142, 178, 'Leave denied', 'LeaveApproval', '2023-09-02 01:47:00', 'Read'),
(143, 237, 'Swap request pending', 'EmergencyRedistribution', '2024-04-20 03:02:00', 'Read'),
(144, 257, 'Shift updated', 'LeaveApproval', '2024-11-13 14:52:00', 'Read'),
(145, 14, 'Swap approved', 'EmergencyRedistribution', '2024-02-05 17:09:00', 'Unread'),
(146, 221, 'Swap approved', 'RosterUpdate', '2024-02-01 10:25:00', 'Read'),
(147, 107, 'Leave denied', 'LeaveApproval', '2024-04-09 13:30:00', 'Read'),
(148, 236, 'Leave approved', 'SwapStatus', '2024-04-16 02:18:00', 'Read'),
(149, 169, 'Leave denied', 'LeaveApproval', '2024-06-25 09:12:00', 'Read'),
(150, 169, 'Leave approved', 'RosterUpdate', '2024-07-29 02:26:00', 'Unread'),
(151, 192, 'Swap approved', 'RosterUpdate', '2024-02-16 11:32:00', 'Unread'),
(152, 153, 'Leave denied', 'SwapStatus', '2024-02-23 20:16:00', 'Read'),
(153, 246, 'Leave approved', 'RosterUpdate', '2023-01-20 18:09:00', 'Read'),
(154, 153, 'Swap request pending', 'LeaveApproval', '2023-10-03 05:22:00', 'Unread'),
(155, 12, 'Swap approved', 'EmergencyRedistribution', '2024-11-19 22:56:00', 'Read'),
(156, 168, 'Swap approved', 'SwapStatus', '2024-09-24 15:02:00', 'Unread'),
(157, 171, 'Leave denied', 'EmergencyRedistribution', '2024-05-18 19:42:00', 'Unread'),
(158, 219, 'Shift updated', 'SwapStatus', '2023-05-02 21:02:00', 'Read'),
(159, 23, 'Swap request pending', 'RosterUpdate', '2023-11-17 07:13:00', 'Read'),
(160, 244, 'Leave denied', 'EmergencyRedistribution', '2023-12-08 07:44:00', 'Read'),
(161, 237, 'Leave approved', 'SwapStatus', '2023-08-01 23:49:00', 'Unread'),
(162, 255, 'Leave approved', 'LeaveApproval', '2023-01-27 15:47:00', 'Read'),
(163, 111, 'Swap request pending', 'EmergencyRedistribution', '2023-05-20 16:34:00', 'Unread'),
(164, 107, 'Swap approved', 'RosterUpdate', '2024-05-23 11:15:00', 'Unread'),
(165, 221, 'Leave denied', 'LeaveApproval', '2024-05-02 02:49:00', 'Read'),
(166, 171, 'Shift updated', 'SwapStatus', '2023-08-16 01:21:00', 'Unread'),
(167, 192, 'Swap approved', 'EmergencyRedistribution', '2023-03-24 07:07:00', 'Unread'),
(168, 77, 'Leave denied', 'LeaveApproval', '2024-11-16 02:30:00', 'Unread'),
(169, 14, 'Leave approved', 'SwapStatus', '2024-04-18 01:20:00', 'Unread'),
(170, 14, 'Shift updated', 'EmergencyRedistribution', '2024-03-12 18:58:00', 'Read'),
(171, 255, 'Leave denied', 'RosterUpdate', '2023-06-03 08:34:00', 'Read'),
(172, 23, 'Shift updated', 'LeaveApproval', '2023-02-15 09:30:00', 'Unread'),
(173, 245, 'Swap approved', 'RosterUpdate', '2024-08-03 04:36:00', 'Unread'),
(174, 153, 'Swap approved', 'EmergencyRedistribution', '2023-03-17 14:15:00', 'Read'),
(175, 111, 'Leave denied', 'LeaveApproval', '2024-03-01 02:22:00', 'Unread'),
(176, 178, 'Swap approved', 'SwapStatus', '2023-09-03 10:50:00', 'Read'),
(177, 171, 'Leave denied', 'RosterUpdate', '2024-02-16 11:58:00', 'Read'),
(178, 14, 'Leave approved', 'RosterUpdate', '2023-01-14 15:47:00', 'Read'),
(179, 12, 'Leave denied', 'SwapStatus', '2024-02-10 03:05:00', 'Unread'),
(180, 246, 'Leave approved', 'SwapStatus', '2024-02-19 14:14:00', 'Read'),
(181, 107, 'Swap request pending', 'EmergencyRedistribution', '2024-11-20 18:23:00', 'Read'),
(182, 111, 'Swap request pending', 'LeaveApproval', '2024-09-21 00:03:00', 'Unread'),
(183, 148, 'Leave denied', 'SwapStatus', '2024-01-28 01:21:00', 'Read'),
(184, 168, 'Leave approved', 'EmergencyRedistribution', '2023-05-18 07:15:00', 'Read'),
(185, 237, 'Leave approved', 'RosterUpdate', '2024-09-08 09:12:00', 'Read'),
(186, 219, 'Leave approved', 'EmergencyRedistribution', '2024-10-09 23:36:00', 'Unread'),
(187, 14, 'Swap approved', 'RosterUpdate', '2023-11-04 02:44:00', 'Unread'),
(188, 23, 'Swap request pending', 'SwapStatus', '2024-07-28 08:34:00', 'Read'),
(189, 77, 'Leave approved', 'LeaveApproval', '2023-01-20 18:27:00', 'Unread'),
(190, 23, 'Shift updated', 'EmergencyRedistribution', '2024-04-16 23:42:00', 'Unread'),
(191, 169, 'Swap request pending', 'RosterUpdate', '2024-02-10 17:34:00', 'Unread'),
(192, 171, 'Leave approved', 'SwapStatus', '2024-09-02 18:28:00', 'Read'),
(193, 244, 'Leave approved', 'LeaveApproval', '2023-11-23 20:30:00', 'Read'),
(194, 212, 'Shift updated', 'LeaveApproval', '2024-11-13 14:52:00', 'Unread'),
(195, 148, 'Shift updated', 'LeaveApproval', '2023-04-18 10:48:00', 'Read'),
(196, 257, 'Leave approved', 'RosterUpdate', '2023-07-06 05:44:00', 'Unread'),
(197, 111, 'Shift updated', 'EmergencyRedistribution', '2024-06-12 11:21:00', 'Read'),
(198, 153, 'Shift updated', 'LeaveApproval', '2024-09-17 08:34:00', 'Read'),
(199, 153, 'Swap approved', 'RosterUpdate', '2024-06-25 15:52:00', 'Unread'),
(200, 246, 'Leave denied', 'EmergencyRedistribution', '2023-10-06 04:26:00', 'Unread'),
(201, 14, 'Leave approved', 'RosterUpdate', '2023-01-22 01:26:00', 'Unread'),
(202, 178, 'Swap approved', 'SwapStatus', '2023-01-20 19:08:00', 'Read'),
(203, 111, 'Leave denied', 'EmergencyRedistribution', '2023-10-18 01:54:00', 'Unread'),
(204, 168, 'Leave approved', 'LeaveApproval', '2023-06-11 02:45:00', 'Unread'),
(205, 255, 'Leave denied', 'RosterUpdate', '2023-11-09 21:04:00', 'Unread'),
(206, 171, 'Swap approved', 'SwapStatus', '2024-07-09 03:00:00', 'Read'),
(207, 72, 'Leave denied', 'LeaveApproval', '2024-05-11 12:56:00', 'Unread'),
(208, 23, 'Swap request pending', 'EmergencyRedistribution', '2023-06-25 04:30:00', 'Read'),
(209, 219, 'Shift updated', 'RosterUpdate', '2024-04-18 10:48:00', 'Unread'),
(210, 168, 'Leave denied', 'SwapStatus', '2024-05-24 10:14:00', 'Read'),
(211, 244, 'Leave approved', 'LeaveApproval', '2024-02-18 10:04:00', 'Unread'),
(212, 14, 'Swap approved', 'RosterUpdate', '2023-07-28 17:28:00', 'Unread'),
(213, 237, 'Swap request pending', 'SwapStatus', '2024-09-02 01:50:00', 'Unread'),
(214, 148, 'Leave approved', 'EmergencyRedistribution', '2023-09-17 15:45:00', 'Read'),
(215, 12, 'Shift updated', 'LeaveApproval', '2024-01-15 01:31:00', 'Read'),
(216, 178, 'Swap approved', 'RosterUpdate', '2024-01-09 16:53:00', 'Unread'),
(217, 255, 'Shift updated', 'SwapStatus', '2023-09-17 06:17:00', 'Read'),
(218, 192, 'Swap approved', 'RosterUpdate', '2023-03-24 07:14:00', 'Unread'),
(219, 12, 'Leave denied', 'EmergencyRedistribution', '2023-07-27 15:10:00', 'Read'),
(220, 245, 'Shift updated', 'RosterUpdate', '2024-08-01 10:13:00', 'Unread'),
(221, 192, 'Swap request pending', 'SwapStatus', '2024-01-26 04:02:00', 'Read'),
(222, 12, 'Swap request pending', 'EmergencyRedistribution', '2024-01-21 21:00:00', 'Unread'),
(223, 246, 'Leave approved', 'LeaveApproval', '2024-01-23 09:12:00', 'Read'),
(224, 257, 'Leave denied', 'RosterUpdate', '2024-03-12 18:03:00', 'Unread'),
(225, 23, 'Swap approved', 'EmergencyRedistribution', '2024-06-25 15:26:00', 'Unread'),
(226, 169, 'Swap approved', 'SwapStatus', '2024-04-18 21:30:00', 'Unread'),
(227, 245, 'Leave approved', 'LeaveApproval', '2023-07-06 05:44:00', 'Read'),
(228, 237, 'Leave denied', 'RosterUpdate', '2024-03-14 05:45:00', 'Unread'),
(229, 212, 'Shift updated', 'LeaveApproval', '2024-05-18 01:41:00', 'Read'),
(230, 23, 'Swap request pending', 'EmergencyRedistribution', '2024-03-28 09:27:00', 'Unread'),
(231, 148, 'Swap approved', 'LeaveApproval', '2023-01-05 06:04:00', 'Read'),
(232, 14, 'Leave denied', 'RosterUpdate', '2024-04-14 13:45:00', 'Unread'),
(233, 255, 'Swap approved', 'RosterUpdate', '2024-02-09 17:34:00', 'Read'),
(234, 178, 'Leave approved', 'EmergencyRedistribution', '2024-02-29 09:59:00', 'Read'),
(235, 111, 'Swap request pending', 'LeaveApproval', '2024-07-07 09:56:00', 'Unread'),
(236, 171, 'Leave approved', 'RosterUpdate', '2023-01-20 00:23:00', 'Unread'),
(237, 77, 'Shift updated', 'SwapStatus', '2023-01-19 16:32:00', 'Read'),
(238, 255, 'Shift updated', 'EmergencyRedistribution', '2023-09-02 18:28:00', 'Read'),
(239, 192, 'Leave denied', 'LeaveApproval', '2024-02-05 20:30:00', 'Unread'),
(240, 219, 'Swap request pending', 'RosterUpdate', '2023-09-17 19:15:00', 'Unread'),
(241, 153, 'Leave approved', 'SwapStatus', '2023-11-20 18:27:00', 'Unread'),
(242, 12, 'Shift updated', 'SwapStatus', '2024-05-09 19:46:00', 'Unread'),
(243, 237, 'Leave approved', 'RosterUpdate', '2023-09-05 13:58:00', 'Read'),
(244, 148, 'Swap approved', 'LeaveApproval', '2024-11-03 14:14:00', 'Read'),
(245, 111, 'Leave denied', 'EmergencyRedistribution', '2024-08-04 12:49:00', 'Read'),
(246, 219, 'Swap approved', 'LeaveApproval', '2024-06-25 15:52:00', 'Read'),
(247, 168, 'Shift updated', 'RosterUpdate', '2023-10-06 04:26:00', 'Unread'),
(248, 23, 'Shift updated', 'SwapStatus', '2024-02-14 20:53:00', 'Read'),
(249, 107, 'Emergency redistribution', 'EmergencyRedistribution', '2023-09-24 16:16:00', 'Read'),
(250, 169, 'Shift updated', 'LeaveApproval', '2024-03-24 07:19:00', 'Unread'),
(251, 171, 'Swap approved', 'RosterUpdate', '2024-08-07 05:40:00', 'Read'),
(252, 153, 'Leave denied', 'LeaveApproval', '2024-01-29 01:54:00', 'Unread'),
(253, 192, 'Swap request pending', 'SwapStatus', '2023-11-04 02:44:00', 'Read'),
(254, 255, 'Leave approved', 'RosterUpdate', '2023-10-25 14:52:00', 'Read'),
(255, 178, 'Emergency redistribution', 'EmergencyRedistribution', '2024-11-23 05:15:00', 'Unread'),
(256, 14, 'Shift updated', 'LeaveApproval', '2023-04-12 18:27:00', 'Unread'),
(257, 153, 'Swap request pending', 'SwapStatus', '2023-08-02 21:52:00', 'Read'),
(258, 255, 'Swap approved', 'RosterUpdate', '2023-01-14 16:11:00', 'Read'),
(259, 212, 'Leave denied', 'EmergencyRedistribution', '2024-04-03 14:38:00', 'Unread'),
(260, 244, 'Leave approved', 'LeaveApproval', '2024-06-13 19:27:00', 'Unread'),
(261, 23, 'Shift updated', 'RosterUpdate', '2024-06-25 18:50:00', 'Unread'),
(262, 153, 'Shift updated', 'LeaveApproval', '2024-10-18 17:35:00', 'Unread'),
(263, 148, 'Swap approved', 'EmergencyRedistribution', '2023-06-10 13:17:00', 'Unread'),
(264, 111, 'Leave denied', 'RosterUpdate', '2024-01-09 20:30:00', 'Read'),
(265, 178, 'Leave denied', 'EmergencyRedistribution', '2024-04-10 14:55:00', 'Unread'),
(266, 192, 'Swap approved', 'LeaveApproval', '2024-07-26 14:47:00', 'Read'),
(267, 12, 'Swap approved', 'EmergencyRedistribution', '2023-06-03 14:03:00', 'Unread'),
(268, 246, 'Swap request pending', 'RosterUpdate', '2023-08-27 16:51:00', 'Read'),
(269, 169, 'Swap request pending', 'SwapStatus', '2023-04-26 00:55:00', 'Read'),
(270, 77, 'Leave approved', 'RosterUpdate', '2023-03-28 01:13:00', 'Read'),
(271, 221, 'Swap approved', 'SwapStatus', '2023-07-06 01:13:00', 'Read'),
(272, 14, 'Leave approved', 'EmergencyRedistribution', '2024-05-18 10:29:00', 'Unread'),
(273, 246, 'Shift updated', 'LeaveApproval', '2023-06-05 06:19:00', 'Read'),
(274, 257, 'Leave denied', 'RosterUpdate', '2024-05-24 09:37:00', 'Unread'),
(275, 23, 'Swap request pending', 'SwapStatus', '2024-06-29 13:41:00', 'Read'),
(276, 219, 'Shift updated', 'EmergencyRedistribution', '2024-02-15 01:34:00', 'Unread'),
(277, 168, 'Leave approved', 'LeaveApproval', '2024-07-28 08:34:00', 'Unread'),
(278, 111, 'Shift updated', 'RosterUpdate', '2023-08-24 16:32:00', 'Unread'),
(279, 192, 'Swap approved', 'SwapStatus', '2024-08-01 19:54:00', 'Read'),
(280, 244, 'Leave approved', 'LeaveApproval', '2024-05-27 06:57:00', 'Read'),
(281, 153, 'Shift updated', 'RosterUpdate', '2023-07-02 23:25:00', 'Unread'),
(282, 14, 'Swap approved', 'EmergencyRedistribution', '2024-11-20 23:59:00', 'Unread'),
(283, 14, 'Swap approved', 'RosterUpdate', '2024-03-24 10:04:00', 'Read'),
(284, 111, 'Leave denied', 'SwapStatus', '2024-01-28 17:15:00', 'Unread'),
(285, 12, 'Swap request pending', 'EmergencyRedistribution', '2024-07-27 07:44:00', 'Unread'),
(286, 255, 'Leave approved', 'LeaveApproval', '2023-02-18 20:30:00', 'Unread'),
(287, 23, 'Leave denied', 'SwapStatus', '2024-09-24 19:42:00', 'Read'),
(288, 14, 'Swap approved', 'SwapStatus', '2024-04-03 00:23:00', 'Read'),
(289, 169, 'Swap request pending', 'RosterUpdate', '2024-08-25 04:35:00', 'Unread'),
(290, 237, 'Leave approved', 'LeaveApproval', '2024-06-12 11:21:00', 'Read'),
(291, 148, 'Swap approved', 'EmergencyRedistribution', '2024-12-14 06:47:00', 'Read'),
(292, 72, 'Shift updated', 'RosterUpdate', '2024-03-28 07:12:00', 'Unread'),
(293, 219, 'Swap approved', 'LeaveApproval', '2024-06-25 10:53:00', 'Unread'),
(294, 168, 'Leave denied', 'LeaveApproval', '2023-04-18 20:34:00', 'Unread'),
(295, 111, 'Shift updated', 'RosterUpdate', '2024-07-29 02:44:00', 'Read'),
(296, 255, 'Shift updated', 'RosterUpdate', '2024-02-18 01:35:00', 'Read'),
(297, 192, 'Leave approved', 'LeaveApproval', '2023-07-06 00:59:00', 'Read'),
(298, 153, 'Swap request pending', 'SwapStatus', '2023-11-23 09:34:00', 'Unread'),
(299, 14, 'Shift updated', 'EmergencyRedistribution', '2023-11-20 20:53:00', 'Unread'),
(300, 255, 'Swap approved', 'LeaveApproval', '2023-10-09 23:36:00', 'Read'),
(301, 12, 'Leave approved', 'LeaveApproval', '2023-09-02 01:47:00', 'Unread'),
(302, 244, 'Leave denied', 'EmergencyRedistribution', '2024-04-20 03:02:00', 'Unread'),
(303, 111, 'Swap approved', 'RosterUpdate', '2024-11-13 14:52:00', 'Unread'),
(304, 257, 'Leave denied', 'LeaveApproval', '2024-05-18 07:15:00', 'Read'),
(305, 12, 'Shift updated', 'EmergencyRedistribution', '2024-02-05 17:09:00', 'Read'),
(306, 219, 'Leave denied', 'RosterUpdate', '2024-02-01 10:25:00', 'Unread'),
(307, 153, 'Swap approved', 'LeaveApproval', '2024-04-09 13:30:00', 'Unread'),
(308, 168, 'Swap approved', 'SwapStatus', '2024-04-16 02:18:00', 'Unread'),
(309, 148, 'Leave denied', 'LeaveApproval', '2024-06-25 09:12:00', 'Unread'),
(310, 246, 'Leave approved', 'RosterUpdate', '2024-07-29 02:26:00', 'Read'),
(311, 23, 'Swap approved', 'RosterUpdate', '2024-02-16 11:32:00', 'Read'),
(312, 169, 'Swap request pending', 'SwapStatus', '2024-02-23 20:16:00', 'Unread'),
(313, 221, 'Shift updated', 'RosterUpdate', '2023-01-20 18:09:00', 'Unread'),
(314, 236, 'Leave approved', 'LeaveApproval', '2023-10-03 05:22:00', 'Read'),
(315, 168, 'Shift updated', 'SwapStatus', '2024-11-19 22:56:00', 'Unread'),
(316, 257, 'Swap request pending', 'EmergencyRedistribution', '2024-09-24 15:02:00', 'Read'),
(317, 14, 'Leave approved', 'EmergencyRedistribution', '2024-05-18 19:42:00', 'Unread'),
(318, 178, 'Shift updated', 'SwapStatus', '2023-05-02 21:02:00', 'Unread'),
(319, 219, 'Leave approved', 'LeaveApproval', '2023-11-17 07:13:00', 'Unread'),
(320, 169, 'Shift updated', 'RosterUpdate', '2023-12-08 07:44:00', 'Unread'),
(321, 245, 'Swap approved', 'LeaveApproval', '2023-08-01 23:49:00', 'Read'),
(322, 171, 'Shift updated', 'SwapStatus', '2023-01-27 15:47:00', 'Unread'),
(323, 192, 'Leave denied', 'EmergencyRedistribution', '2023-05-20 16:34:00', 'Read'),
(324, 255, 'Shift updated', 'RosterUpdate', '2024-05-23 11:15:00', 'Read'),
(325, 246, 'Swap approved', 'LeaveApproval', '2024-05-02 02:49:00', 'Unread'),
(326, 111, 'Swap approved', 'SwapStatus', '2023-08-16 01:21:00', 'Read'),
(327, 153, 'Leave denied', 'EmergencyRedistribution', '2023-03-24 07:07:00', 'Read'),
(328, 257, 'Leave approved', 'LeaveApproval', '2024-11-16 02:30:00', 'Read'),
(329, 23, 'Leave denied', 'SwapStatus', '2024-04-18 01:20:00', 'Read'),
(330, 244, 'Swap approved', 'EmergencyRedistribution', '2024-03-12 18:58:00', 'Unread'),
(331, 14, 'Leave denied', 'RosterUpdate', '2023-06-03 08:34:00', 'Unread'),
(332, 14, 'Leave approved', 'LeaveApproval', '2023-02-15 09:30:00', 'Read'),
(333, 237, 'Shift updated', 'RosterUpdate', '2024-08-03 04:36:00', 'Read'),
(334, 148, 'Swap approved', 'EmergencyRedistribution', '2023-03-17 14:15:00', 'Unread'),
(335, 12, 'Shift updated', 'LeaveApproval', '2024-03-01 02:22:00', 'Read'),
(336, 178, 'Leave denied', 'SwapStatus', '2023-09-03 10:50:00', 'Unread'),
(337, 212, 'Swap approved', 'RosterUpdate', '2024-02-16 11:58:00', 'Unread'),
(338, 255, 'Leave denied', 'LeaveApproval', '2023-01-14 15:47:00', 'Unread'),
(339, 192, 'Swap request pending', 'SwapStatus', '2024-02-10 03:05:00', 'Read'),
(340, 219, 'Swap approved', 'SwapStatus', '2024-02-19 14:14:00', 'Unread'),
(341, 169, 'Shift updated', 'EmergencyRedistribution', '2024-11-20 18:23:00', 'Unread'),
(342, 77, 'Leave approved', 'LeaveApproval', '2024-09-21 00:03:00', 'Read'),
(343, 23, 'Swap approved', 'SwapStatus', '2024-01-28 01:21:00', 'Unread'),
(344, 153, 'Leave approved', 'EmergencyRedistribution', '2023-05-18 07:15:00', 'Unread'),
(345, 111, 'Leave denied', 'RosterUpdate', '2024-09-08 09:12:00', 'Unread'),
(346, 246, 'Swap request pending', 'EmergencyRedistribution', '2024-10-09 23:36:00', 'Read'),
(347, 14, 'Leave approved', 'RosterUpdate', '2023-11-04 02:44:00', 'Read'),
(348, 245, 'Shift updated', 'SwapStatus', '2024-07-28 08:34:00', 'Unread'),
(349, 148, 'Leave approved', 'LeaveApproval', '2023-01-20 18:27:00', 'Read'),
(350, 111, 'Swap approved', 'EmergencyRedistribution', '2024-04-16 23:42:00', 'Read'),
(351, 153, 'Swap request pending', 'RosterUpdate', '2024-02-10 17:34:00', 'Read'),
(352, 219, 'Leave approved', 'SwapStatus', '2024-09-02 18:28:00', 'Unread'),
(353, 255, 'Leave denied', 'LeaveApproval', '2023-11-23 20:30:00', 'Unread'),
(354, 171, 'Leave approved', 'RosterUpdate', '2024-11-13 14:52:00', 'Read'),
(355, 12, 'Swap request pending', 'LeaveApproval', '2023-04-18 10:48:00', 'Unread'),
(356, 178, 'Swap request pending', 'RosterUpdate', '2023-07-06 05:44:00', 'Read'),
(357, 12, 'Shift updated', 'EmergencyRedistribution', '2024-06-12 11:21:00', 'Unread'),
(358, 244, 'Swap approved', 'LeaveApproval', '2024-09-17 08:34:00', 'Unread'),
(359, 107, 'Swap request pending', 'RosterUpdate', '2024-06-25 15:52:00', 'Read'),
(360, 219, 'Leave approved', 'EmergencyRedistribution', '2023-10-06 04:26:00', 'Read'),
(361, 23, 'Shift updated', 'RosterUpdate', '2023-01-22 01:26:00', 'Read'),
(362, 14, 'Swap approved', 'SwapStatus', '2023-01-20 19:08:00', 'Unread'),
(363, 245, 'Swap request pending', 'EmergencyRedistribution', '2023-10-18 01:54:00', 'Read'),
(364, 111, 'Shift updated', 'LeaveApproval', '2023-06-11 02:45:00', 'Read'),
(365, 237, 'Leave denied', 'RosterUpdate', '2023-11-09 21:04:00', 'Unread'),
(366, 148, 'Leave approved', 'SwapStatus', '2024-07-09 03:00:00', 'Read'),
(367, 12, 'Shift updated', 'LeaveApproval', '2024-05-11 12:56:00', 'Unread'),
(368, 169, 'Swap approved', 'EmergencyRedistribution', '2023-06-25 04:30:00', 'Read'),
(369, 77, 'Leave denied', 'RosterUpdate', '2024-04-18 10:48:00', 'Unread'),
(370, 246, 'Shift updated', 'SwapStatus', '2024-05-24 10:14:00', 'Read'),
(371, 14, 'Swap approved', 'LeaveApproval', '2024-02-18 10:04:00', 'Read'),
(372, 107, 'Leave denied', 'RosterUpdate', '2023-07-28 17:28:00', 'Unread'),
(373, 111, 'Leave approved', 'SwapStatus', '2024-09-02 01:50:00', 'Read'),
(374, 257, 'Shift updated', 'EmergencyRedistribution', '2023-09-17 15:45:00', 'Read'),
(375, 14, 'Leave denied', 'LeaveApproval', '2024-01-15 01:31:00', 'Unread'),
(376, 221, 'Shift updated', 'RosterUpdate', '2024-01-09 16:53:00', 'Read'),
(377, 178, 'Swap approved', 'SwapStatus', '2023-09-17 06:17:00', 'Unread'),
(378, 255, 'Leave approved', 'RosterUpdate', '2023-03-24 07:14:00', 'Unread'),
(379, 14, 'Swap approved', 'EmergencyRedistribution', '2023-07-27 15:10:00', 'Unread'),
(380, 169, 'Leave approved', 'RosterUpdate', '2024-08-01 10:13:00', 'Unread'),
(381, 111, 'Swap request pending', 'SwapStatus', '2024-01-26 04:02:00', 'Read'),
(382, 192, 'Swap approved', 'EmergencyRedistribution', '2024-01-21 21:00:00', 'Read'),
(383, 244, 'Shift updated', 'LeaveApproval', '2024-01-23 09:12:00', 'Unread'),
(384, 168, 'Shift updated', 'RosterUpdate', '2024-03-12 18:03:00', 'Unread'),
(385, 14, 'Swap approved', 'EmergencyRedistribution', '2024-06-25 15:26:00', 'Read'),
(386, 237, 'Leave approved', 'SwapStatus', '2024-04-18 21:30:00', 'Unread'),
(387, 246, 'Leave denied', 'LeaveApproval', '2023-07-06 05:44:00', 'Read'),
(388, 221, 'Shift updated', 'RosterUpdate', '2024-03-14 05:45:00', 'Unread'),
(389, 148, 'Swap request pending', 'LeaveApproval', '2024-05-18 01:41:00', 'Unread'),
(390, 72, 'Swap approved', 'EmergencyRedistribution', '2024-03-28 09:27:00', 'Read'),
(391, 12, 'Leave approved', 'LeaveApproval', '2023-01-05 06:04:00', 'Read'),
(392, 178, 'Shift updated', 'RosterUpdate', '2024-04-14 13:45:00', 'Read'),
(393, 219, 'Swap approved', 'RosterUpdate', '2024-02-09 17:34:00', 'Unread'),
(394, 255, 'Leave approved', 'EmergencyRedistribution', '2024-02-29 09:59:00', 'Unread'),
(395, 171, 'Leave approved', 'LeaveApproval', '2024-07-07 09:56:00', 'Read'),
(396, 257, 'Swap approved', 'RosterUpdate', '2023-01-20 00:23:00', 'Read'),
(397, 23, 'Leave denied', 'SwapStatus', '2023-01-19 16:32:00', 'Unread'),
(398, 221, 'Swap approved', 'EmergencyRedistribution', '2023-09-02 18:28:00', 'Unread'),
(399, 111, 'Shift updated', 'LeaveApproval', '2024-02-05 20:30:00', 'Unread'),
(400, 244, 'Swap approved', 'SwapStatus', '2023-09-17 19:15:00', 'Read'),
(401, 168, 'Leave denied', 'RosterUpdate', '2023-11-20 18:27:00', 'Read'),
(402, 212, 'Swap request pending', 'SwapStatus', '2024-05-09 19:46:00', 'Read'),
(403, 14, 'Leave approved', 'RosterUpdate', '2023-09-05 13:58:00', 'Unread'),
(404, 14, 'Leave approved', 'LeaveApproval', '2024-11-03 14:14:00', 'Read'),
(405, 236, 'Leave approved', 'EmergencyRedistribution', '2024-08-04 12:49:00', 'Unread'),
(406, 178, 'Shift updated', 'RosterUpdate', '2024-06-25 15:52:00', 'Read'),
(407, 12, 'Leave approved', 'SwapStatus', '2023-10-06 04:26:00', 'Unread'),
(408, 12, 'Swap request pending', 'EmergencyRedistribution', '2023-01-22 01:26:00', 'Unread'),
(409, 171, 'Leave denied', 'LeaveApproval', '2023-01-20 19:08:00', 'Unread'),
(410, 169, 'Swap approved', 'RosterUpdate', '2023-10-18 01:54:00', 'Read'),
(411, 257, 'Shift updated', 'LeaveApproval', '2023-06-11 02:45:00', 'Read'),
(412, 192, 'Swap approved', 'RosterUpdate', '2023-11-09 21:04:00', 'Unread'),
(413, 111, 'Swap approved', 'SwapStatus', '2024-07-09 03:00:00', 'Unread'),
(414, 255, 'Leave denied', 'LeaveApproval', '2024-05-11 12:56:00', 'Unread'),
(415, 23, 'Swap request pending', 'RosterUpdate', '2023-06-25 04:30:00', 'Read'),
(416, 245, 'Shift updated', 'EmergencyRedistribution', '2024-04-18 10:48:00', 'Read'),
(417, 169, 'Leave approved', 'LeaveApproval', '2024-02-18 10:04:00', 'Unread'),
(418, 153, 'Shift updated', 'SwapStatus', '2023-07-28 17:28:00', 'Read'),
(419, 219, 'Leave approved', 'EmergencyRedistribution', '2024-09-02 01:50:00', 'Unread'),
(420, 246, 'Leave approved', 'LeaveApproval', '2023-09-17 15:45:00', 'Read'),
(421, 14, 'Shift updated', 'RosterUpdate', '2024-01-15 01:31:00', 'Unread'),
(422, 107, 'Swap approved', 'SwapStatus', '2024-01-09 16:53:00', 'Read'),
(423, 221, 'Leave denied', 'EmergencyRedistribution', '2023-09-17 06:17:00', 'Unread'),
(424, 72, 'Leave approved', 'RosterUpdate', '2023-03-24 07:14:00', 'Unread'),
(425, 237, 'Shift updated', 'EmergencyRedistribution', '2023-07-27 15:10:00', 'Read'),
(426, 171, 'Leave approved', 'RosterUpdate', '2024-08-01 10:13:00', 'Unread'),
(427, 244, 'Swap request pending', 'SwapStatus', '2024-01-26 04:02:00', 'Read'),
(428, 257, 'Leave approved', 'EmergencyRedistribution', '2024-01-21 21:00:00', 'Unread'),
(429, 212, 'Leave approved', 'LeaveApproval', '2024-01-23 09:12:00', 'Read'),
(430, 23, 'Swap approved', 'RosterUpdate', '2024-03-12 18:03:00', 'Unread'),
(431, 148, 'Swap approved', 'EmergencyRedistribution', '2024-06-25 15:26:00', 'Unread'),
(432, 236, 'Shift updated', 'SwapStatus', '2024-04-18 21:30:00', 'Read'),
(433, 148, 'Leave denied', 'LeaveApproval', '2023-07-06 05:44:00', 'Read'),
(434, 169, 'Swap request pending', 'RosterUpdate', '2024-03-14 05:45:00', 'Unread'),
(435, 245, 'Shift updated', 'LeaveApproval', '2024-05-18 01:41:00', 'Unread'),
(436, 14, 'Leave denied', 'EmergencyRedistribution', '2024-03-28 09:27:00', 'Read'),
(437, 178, 'Swap approved', 'LeaveApproval', '2023-01-05 06:04:00', 'Read'),
(438, 23, 'Shift updated', 'RosterUpdate', '2024-04-14 13:45:00', 'Unread'),
(439, 148, 'Swap approved', 'RosterUpdate', '2024-02-09 17:34:00', 'Read'),
(440, 244, 'Swap request pending', 'EmergencyRedistribution', '2024-02-29 09:59:00', 'Read'),
(441, 168, 'Leave approved', 'LeaveApproval', '2024-07-07 09:56:00', 'Unread'),
(442, 111, 'Shift updated', 'RosterUpdate', '2023-01-20 00:23:00', 'Unread'),
(443, 212, 'Swap request pending', 'SwapStatus', '2023-01-19 16:32:00', 'Read'),
(444, 255, 'Leave denied', 'EmergencyRedistribution', '2023-09-02 18:28:00', 'Read'),
(445, 171, 'Leave approved', 'LeaveApproval', '2024-02-05 20:30:00', 'Unread'),
(446, 169, 'Swap approved', 'RosterUpdate', '2023-09-17 19:15:00', 'Read'),
(447, 237, 'Leave denied', 'SwapStatus', '2023-11-20 18:27:00', 'Unread'),
(448, 219, 'Swap approved', 'EmergencyRedistribution', '2024-05-09 19:46:00', 'Read'),
(449, 12, 'Swap request pending', 'LeaveApproval', '2023-09-05 13:58:00', 'Unread'),
(450, 153, 'Swap approved', 'RosterUpdate', '2024-11-03 14:14:00', 'Read'),
(451, 192, 'Leave denied', 'SwapStatus', '2024-06-25 15:52:00', 'Unread'),
(452, 245, 'Shift updated', 'LeaveApproval', '2023-10-06 04:26:00', 'Unread'),
(453, 171, 'Leave approved', 'EmergencyRedistribution', '2023-01-22 01:26:00', 'Read'),
(454, 153, 'Leave approved', 'RosterUpdate', '2023-01-20 19:08:00', 'Read'),
(455, 178, 'Swap approved', 'EmergencyRedistribution', '2023-10-18 01:54:00', 'Unread'),
(456, 14, 'Leave approved', 'LeaveApproval', '2023-06-11 02:45:00', 'Unread'),
(457, 169, 'Swap request pending', 'RosterUpdate', '2023-11-09 21:04:00', 'Unread'),
(458, 257, 'Leave approved', 'SwapStatus', '2024-07-09 03:00:00', 'Unread'),
(459, 212, 'Shift updated', 'EmergencyRedistribution', '2024-05-11 12:56:00', 'Read'),
(460, 236, 'Swap approved', 'LeaveApproval', '2023-06-25 04:30:00', 'Read'),
(461, 23, 'Shift updated', 'RosterUpdate', '2024-04-18 10:48:00', 'Unread'),
(462, 111, 'Swap approved', 'SwapStatus', '2024-05-24 10:14:00', 'Read'),
(463, 244, 'Leave approved', 'EmergencyRedistribution', '2024-02-18 10:04:00', 'Unread'),
(464, 171, 'Leave denied', 'RosterUpdate', '2023-07-28 17:28:00', 'Unread'),
(465, 153, 'Swap approved', 'LeaveApproval', '2024-09-02 01:50:00', 'Read'),
(466, 178, 'Swap request pending', 'SwapStatus', '2023-09-17 15:45:00', 'Unread'),
(467, 14, 'Leave denied', 'RosterUpdate', '2024-01-15 01:31:00', 'Read'),
(468, 169, 'Swap request pending', 'EmergencyRedistribution', '2024-01-09 16:53:00', 'Unread'),
(469, 12, 'Leave approved', 'LeaveApproval', '2023-09-17 06:17:00', 'Read'),
(470, 245, 'Shift updated', 'RosterUpdate', '2023-03-24 07:14:00', 'Unread'),
(471, 148, 'Leave denied', 'EmergencyRedistribution', '2023-07-27 15:10:00', 'Unread'),
(472, 236, 'Leave approved', 'RosterUpdate', '2024-08-01 10:13:00', 'Unread'),
(473, 219, 'Shift updated', 'SwapStatus', '2024-01-26 04:02:00', 'Read'),
(474, 255, 'Leave approved', 'LeaveApproval', '2024-01-21 21:00:00', 'Read'),
(475, 12, 'Swap approved', 'EmergencyRedistribution', '2024-01-23 09:12:00', 'Unread'),
(476, 168, 'Leave denied', 'RosterUpdate', '2024-03-12 18:03:00', 'Read'),
(477, 244, 'Leave approved', 'SwapStatus', '2024-06-25 15:26:00', 'Unread'),
(478, 111, 'Shift updated', 'LeaveApproval', '2024-04-18 21:30:00', 'Unread'),
(479, 192, 'Swap approved', 'EmergencyRedistribution', '2023-07-06 05:44:00', 'Read'),
(480, 246, 'Leave denied', 'RosterUpdate', '2024-03-14 05:45:00', 'Unread'),
(481, 77, 'Swap request pending', 'LeaveApproval', '2024-05-18 01:41:00', 'Unread'),
(482, 14, 'Leave approved', 'EmergencyRedistribution', '2024-03-28 09:27:00', 'Read'),
(483, 153, 'Leave denied', 'RosterUpdate', '2023-01-05 06:04:00', 'Unread'),
(484, 111, 'Swap request pending', 'LeaveApproval', '2024-04-14 13:45:00', 'Unread'),
(485, 236, 'Shift updated', 'EmergencyRedistribution', '2024-02-09 17:34:00', 'Read'),
(486, 169, 'Swap approved', 'RosterUpdate', '2024-02-29 09:59:00', 'Unread'),
(487, 14, 'Leave denied', 'SwapStatus', '2024-07-07 09:56:00', 'Unread'),
(488, 148, 'Shift updated', 'EmergencyRedistribution', '2023-01-20 00:23:00', 'Read'),
(489, 212, 'Swap approved', 'RosterUpdate', '2023-01-19 16:32:00', 'Unread'),
(490, 178, 'Swap approved', 'SwapStatus', '2023-09-02 18:28:00', 'Unread'),
(491, 192, 'Leave denied', 'LeaveApproval', '2024-02-05 20:30:00', 'Read'),
(492, 168, 'Leave approved', 'RosterUpdate', '2023-09-17 19:15:00', 'Unread'),
(493, 23, 'Swap approved', 'SwapStatus', '2023-11-20 18:27:00', 'Unread'),
(494, 257, 'Shift updated', 'EmergencyRedistribution', '2024-05-09 19:46:00', 'Read'),
(495, 245, 'Leave approved', 'LeaveApproval', '2023-09-05 13:58:00', 'Unread'),
(496, 221, 'Leave approved', 'EmergencyRedistribution', '2024-11-03 14:14:00', 'Unread'),
(497, 14, 'Shift updated', 'RosterUpdate', '2024-06-25 15:52:00', 'Read'),
(498, 12, 'Swap approved', 'LeaveApproval', '2023-10-06 04:26:00', 'Unread'),
(499, 148, 'Leave denied', 'EmergencyRedistribution', '2023-01-22 01:26:00', 'Unread'),
(500, 23, 'Leave denied', 'SwapStatus', '2023-01-20 19:08:00', 'Unread'),
(501, 23, 'Swap request pending', 'RosterUpdate', '2023-10-18 01:54:00', 'Read'),
(502, 169, 'Shift updated', 'LeaveApproval', '2023-06-11 02:45:00', 'Read'),
(503, 111, 'Swap approved', 'SwapStatus', '2023-11-09 21:04:00', 'Unread'),
(504, 153, 'Leave approved', 'LeaveApproval', '2024-07-09 03:00:00', 'Read'),
(505, 236, 'Leave denied', 'RosterUpdate', '2024-05-11 12:56:00', 'Unread'),
(506, 219, 'Shift updated', 'EmergencyRedistribution', '2023-06-25 04:30:00', 'Unread'),
(507, 12, 'Swap approved', 'RosterUpdate', '2024-04-18 10:48:00', 'Read'),
(508, 168, 'Leave approved', 'SwapStatus', '2024-05-24 10:14:00', 'Unread'),
(509, 178, 'Shift updated', 'EmergencyRedistribution', '2024-02-18 10:04:00', 'Read'),
(510, 244, 'Leave denied', 'LeaveApproval', '2023-07-28 17:28:00', 'Unread'),
(511, 246, 'Leave denied', 'RosterUpdate', '2024-09-02 01:50:00', 'Unread'),
(512, 14, 'Swap approved', 'SwapStatus', '2023-09-17 15:45:00', 'Read'),
(513, 169, 'Leave approved', 'LeaveApproval', '2024-01-15 01:31:00', 'Unread'),
(514, 212, 'Leave approved', 'EmergencyRedistribution', '2024-01-09 16:53:00', 'Read'),
(515, 171, 'Leave denied', 'RosterUpdate', '2023-09-17 06:17:00', 'Unread'),
(516, 221, 'Swap request pending', 'SwapStatus', '2023-03-24 07:14:00', 'Read'),
(517, 12, 'Shift updated', 'EmergencyRedistribution', '2023-07-27 15:10:00', 'Unread'),
(518, 107, 'Swap approved', 'RosterUpdate', '2024-08-01 10:13:00', 'Read'),
(519, 14, 'Swap request pending', 'LeaveApproval', '2024-01-26 04:02:00', 'Unread'),
(520, 257, 'Leave approved', 'EmergencyRedistribution', '2024-01-21 21:00:00', 'Read'),
(521, 148, 'Leave denied', 'RosterUpdate', '2024-01-23 09:12:00', 'Unread'),
(522, 111, 'Shift updated', 'SwapStatus', '2024-03-12 18:03:00', 'Read'),
(523, 236, 'Leave approved', 'EmergencyRedistribution', '2024-06-25 15:26:00', 'Unread'),
(524, 169, 'Swap approved', 'LeaveApproval', '2024-04-18 21:30:00', 'Unread'),
(525, 244, 'Leave approved', 'RosterUpdate', '2023-07-06 05:44:00', 'Read'),
(526, 178, 'Swap approved', 'EmergencyRedistribution', '2024-03-14 05:45:00', 'Unread'),
(527, 245, 'Swap request pending', 'LeaveApproval', '2024-05-18 01:41:00', 'Read'),
(528, 237, 'Shift updated', 'EmergencyRedistribution', '2024-03-28 09:27:00', 'Read'),
(529, 212, 'Leave approved', 'LeaveApproval', '2023-01-05 06:04:00', 'Unread'),
(530, 23, 'Swap approved', 'RosterUpdate', '2024-04-14 13:45:00', 'Read'),
(531, 246, 'Leave denied', 'EmergencyRedistribution', '2024-02-29 09:59:00', 'Unread'),
(532, 153, 'Swap request pending', 'LeaveApproval', '2024-07-07 09:56:00', 'Unread'),
(533, 14, 'Shift updated', 'RosterUpdate', '2023-01-20 00:23:00', 'Unread'),
(534, 111, 'Swap approved', 'SwapStatus', '2023-01-19 16:32:00', 'Unread'),
(535, 148, 'Leave denied', 'EmergencyRedistribution', '2023-09-02 18:28:00', 'Read'),
(536, 178, 'Leave approved', 'RosterUpdate', '2023-09-17 19:15:00', 'Read'),
(537, 245, 'Swap approved', 'SwapStatus', '2023-11-20 18:27:00', 'Unread'),
(538, 77, 'Shift updated', 'EmergencyRedistribution', '2024-05-09 19:46:00', 'Read'),
(539, 192, 'Swap request pending', 'LeaveApproval', '2023-09-05 13:58:00', 'Read'),
(540, 221, 'Leave denied', 'RosterUpdate', '2024-11-03 14:14:00', 'Unread'),
(541, 14, 'Leave approved', 'EmergencyRedistribution', '2024-06-25 15:52:00', 'Read'),
(542, 255, 'Shift updated', 'LeaveApproval', '2023-10-06 04:26:00', 'Unread'),
(543, 23, 'Swap approved', 'RosterUpdate', '2023-01-22 01:26:00', 'Read'),
(544, 169, 'Swap approved', 'SwapStatus', '2023-01-20 19:08:00', 'Unread'),
(545, 12, 'Swap request pending', 'LeaveApproval', '2023-10-18 01:54:00', 'Unread'),
(546, 219, 'Shift updated', 'EmergencyRedistribution', '2023-06-11 02:45:00', 'Read'),
(547, 257, 'Leave denied', 'RosterUpdate', '2023-11-09 21:04:00', 'Unread'),
(548, 14, 'Swap approved', 'SwapStatus', '2024-07-09 03:00:00', 'Read'),
(549, 14, 'Leave denied', 'LeaveApproval', '2024-05-11 12:56:00', 'Unread'),
(550, 168, 'Leave denied', 'RosterUpdate', '2023-06-25 04:30:00', 'Unread'),
(551, 153, 'Swap approved', 'EmergencyRedistribution', '2024-04-18 10:48:00', 'Read'),
(552, 237, 'Shift updated', 'LeaveApproval', '2024-02-18 10:04:00', 'Unread'),
(553, 171, 'Leave approved', 'RosterUpdate', '2023-07-28 17:28:00', 'Unread'),
(554, 212, 'Leave denied', 'SwapStatus', '2024-09-02 01:50:00', 'Read'),
(555, 221, 'Swap request pending', 'EmergencyRedistribution', '2023-09-17 15:45:00', 'Read'),
(556, 192, 'Leave approved', 'RosterUpdate', '2024-01-15 01:31:00', 'Unread'),
(557, 107, 'Shift updated', 'LeaveApproval', '2024-01-09 16:53:00', 'Read'),
(558, 255, 'Swap approved', 'EmergencyRedistribution', '2023-09-17 06:17:00', 'Unread'),
(559, 12, 'Shift updated', 'RosterUpdate', '2023-03-24 07:14:00', 'Unread'),
(560, 244, 'Swap approved', 'LeaveApproval', '2023-07-27 15:10:00', 'Read'),
(561, 14, 'Swap request pending', 'EmergencyRedistribution', '2024-08-01 10:13:00', 'Unread'),
(562, 178, 'Leave denied', 'RosterUpdate', '2024-01-26 04:02:00', 'Read'),
(563, 148, 'Swap approved', 'SwapStatus', '2024-01-21 21:00:00', 'Unread'),
(564, 236, 'Swap approved', 'EmergencyRedistribution', '2024-01-23 09:12:00', 'Read'),
(565, 14, 'Leave approved', 'LeaveApproval', '2024-03-12 18:03:00', 'Unread'),
(566, 169, 'Shift updated', 'RosterUpdate', '2024-06-25 15:26:00', 'Read'),
(567, 12, 'Leave denied', 'SwapStatus', '2024-04-18 21:30:00', 'Unread'),
(568, 246, 'Leave approved', 'LeaveApproval', '2023-07-06 05:44:00', 'Read'),
(569, 153, 'Shift updated', 'RosterUpdate', '2024-03-14 05:45:00', 'Unread'),
(570, 111, 'Swap approved', 'EmergencyRedistribution', '2024-05-18 01:41:00', 'Unread'),
(571, 192, 'Swap request pending', 'LeaveApproval', '2024-03-28 09:27:00', 'Read'),
(572, 23, 'Shift updated', 'RosterUpdate', '2023-01-05 06:04:00', 'Unread'),
(573, 14, 'Swap approved', 'EmergencyRedistribution', '2024-04-14 13:45:00', 'Unread'),
(574, 257, 'Leave approved', 'RosterUpdate', '2024-02-09 17:34:00', 'Read'),
(575, 12, 'Swap approved', 'SwapStatus', '2024-02-29 09:59:00', 'Read'),
(576, 219, 'Leave approved', 'RosterUpdate', '2024-07-07 09:56:00', 'Unread'),
(577, 153, 'Swap approved', 'LeaveApproval', '2023-01-20 00:23:00', 'Unread'),
(578, 171, 'Leave denied', 'SwapStatus', '2023-01-19 16:32:00', 'Read'),
(579, 168, 'Leave approved', 'EmergencyRedistribution', '2023-09-02 18:28:00', 'Unread'),
(580, 245, 'Shift updated', 'LeaveApproval', '2024-02-05 20:30:00', 'Unread'),
(581, 178, 'Swap approved', 'RosterUpdate', '2023-09-17 19:15:00', 'Read'),
(582, 111, 'Leave approved', 'SwapStatus', '2023-11-20 18:27:00', 'Read'),
(583, 23, 'Shift updated', 'EmergencyRedistribution', '2024-05-09 19:46:00', 'Unread'),
(584, 148, 'Swap approved', 'RosterUpdate', '2023-09-05 13:58:00', 'Unread'),
(585, 221, 'Leave denied', 'LeaveApproval', '2024-11-03 14:14:00', 'Unread'),
(586, 244, 'Leave denied', 'EmergencyRedistribution', '2024-06-25 15:52:00', 'Read'),
(587, 192, 'Swap request pending', 'RosterUpdate', '2023-10-06 04:26:00', 'Unread'),
(588, 107, 'Shift updated', 'LeaveApproval', '2023-01-22 01:26:00', 'Read'),
(589, 153, 'Leave approved', 'EmergencyRedistribution', '2023-01-20 19:08:00', 'Unread'),
(590, 246, 'Leave approved', 'LeaveApproval', '2023-10-18 01:54:00', 'Unread'),
(591, 14, 'Shift updated', 'RosterUpdate', '2023-06-11 02:45:00', 'Read'),
(592, 111, 'Swap approved', 'SwapStatus', '2023-11-09 21:04:00', 'Unread'),
(593, 237, 'Swap request pending', 'LeaveApproval', '2024-07-09 03:00:00', 'Unread'),
(594, 255, 'Leave denied', 'RosterUpdate', '2024-05-11 12:56:00', 'Read'),
(595, 12, 'Swap approved', 'LeaveApproval', '2023-06-25 04:30:00', 'Unread'),
(596, 219, 'Shift updated', 'EmergencyRedistribution', '2024-04-18 10:48:00', 'Read'),
(597, 148, 'Leave approved', 'SwapStatus', '2024-02-18 10:04:00', 'Unread'),
(598, 153, 'Swap approved', 'RosterUpdate', '2023-07-28 17:28:00', 'Read'),
(599, 14, 'Shift updated', 'LeaveApproval', '2024-09-02 01:50:00', 'Unread'),
(600, 245, 'Swap approved', 'EmergencyRedistribution', '2023-09-17 15:45:00', 'Unread');

